/*
SQLyog Community v12.3.3 (32 bit)
MySQL - 5.6.27-log : Database - hotelplaya_reservaciones
*********************************************************************
*/

/*!40101 SET NAMES utf8 */;

/*!40101 SET SQL_MODE=''*/;

/*!40014 SET @OLD_UNIQUE_CHECKS=@@UNIQUE_CHECKS, UNIQUE_CHECKS=0 */;
/*!40014 SET @OLD_FOREIGN_KEY_CHECKS=@@FOREIGN_KEY_CHECKS, FOREIGN_KEY_CHECKS=0 */;
/*!40101 SET @OLD_SQL_MODE=@@SQL_MODE, SQL_MODE='NO_AUTO_VALUE_ON_ZERO' */;
/*!40111 SET @OLD_SQL_NOTES=@@SQL_NOTES, SQL_NOTES=0 */;
CREATE DATABASE /*!32312 IF NOT EXISTS*/`hotelplaya_reservaciones` /*!40100 DEFAULT CHARACTER SET utf8 */;

USE `hotelplaya_reservaciones`;

/*Table structure for table `administracion_distribucion` */

DROP TABLE IF EXISTS `administracion_distribucion`;

CREATE TABLE `administracion_distribucion` (
  `id` int(11) NOT NULL AUTO_INCREMENT,
  `nombre` varchar(150) DEFAULT NULL,
  `capacidad` int(11) DEFAULT NULL,
  `id_restaurante` int(11) NOT NULL,
  `estatus` tinyint(1) DEFAULT '1',
  `id_evento` int(11) NOT NULL,
  PRIMARY KEY (`id`),
  KEY `fk_administracion_distribucion_administracion_restaurantes1_idx` (`id_restaurante`),
  KEY `fk_administracion_distribucion_administracion_eventos1_idx` (`id_evento`),
  CONSTRAINT `fk_administracion_distribucion_administracion_eventos1` FOREIGN KEY (`id_evento`) REFERENCES `administracion_eventos` (`id`) ON DELETE NO ACTION ON UPDATE NO ACTION,
  CONSTRAINT `fk_administracion_distribucion_administracion_restaurantes1` FOREIGN KEY (`id_restaurante`) REFERENCES `administracion_restaurantes` (`id`) ON DELETE NO ACTION ON UPDATE NO ACTION
) ENGINE=InnoDB AUTO_INCREMENT=40 DEFAULT CHARSET=utf8;

/*Data for the table `administracion_distribucion` */

insert  into `administracion_distribucion`(`id`,`nombre`,`capacidad`,`id_restaurante`,`estatus`,`id_evento`) values 
(7,'Noche Mexicana',227,3,1,1),
(8,'Italiano',0,10,1,3),
(9,'Comedy Club',228,3,1,4),
(10,'12',NULL,10,0,1),
(18,'12',NULL,10,0,1),
(33,'Boda Jauregui',0,3,1,12),
(34,'Noche Mexicana 1',NULL,3,0,1),
(35,'Noche Mexicana',NULL,3,1,14),
(39,'Prueba',0,3,1,22);

/*Table structure for table `administracion_distribucion_restaurante` */

DROP TABLE IF EXISTS `administracion_distribucion_restaurante`;

CREATE TABLE `administracion_distribucion_restaurante` (
  `id` int(11) NOT NULL AUTO_INCREMENT,
  `id_distribucion` int(11) NOT NULL,
  `relacion_aspecto` float(16,16) DEFAULT NULL,
  `posx_radio` float(16,16) DEFAULT NULL,
  `posy_radio` float(16,16) DEFAULT NULL,
  `capacidad` int(11) DEFAULT NULL,
  `rotacion` int(11) DEFAULT NULL,
  `seleccionable` tinyint(1) DEFAULT NULL,
  `tamano_radio` float(2,2) DEFAULT NULL,
  `etiqueta` varchar(50) DEFAULT NULL,
  `id_mobiliario` int(11) NOT NULL,
  `estatus` tinyint(1) DEFAULT '1',
  PRIMARY KEY (`id`),
  KEY `fk_administracion_distribucion_restaurante_administracion_d_idx` (`id_distribucion`),
  KEY `fk_administracion_distribucion_restaurante_administracion_m_idx` (`id_mobiliario`),
  CONSTRAINT `fk_administracion_distribucion_restaurante_administracion_dis1` FOREIGN KEY (`id_distribucion`) REFERENCES `administracion_distribucion` (`id`) ON DELETE NO ACTION ON UPDATE NO ACTION,
  CONSTRAINT `fk_administracion_distribucion_restaurante_administracion_mob1` FOREIGN KEY (`id_mobiliario`) REFERENCES `administracion_mobiliario` (`id`) ON DELETE NO ACTION ON UPDATE NO ACTION
) ENGINE=InnoDB AUTO_INCREMENT=1163 DEFAULT CHARSET=utf8;

/*Data for the table `administracion_distribucion_restaurante` */

insert  into `administracion_distribucion_restaurante`(`id`,`id_distribucion`,`relacion_aspecto`,`posx_radio`,`posy_radio`,`capacidad`,`rotacion`,`seleccionable`,`tamano_radio`,`etiqueta`,`id_mobiliario`,`estatus`) values 
(1,7,1.0000000000000000,0.7695361375808716,0.1884735971689224,1,0,0,0.10,'A1',1,0),
(2,7,1.0000000000000000,0.2940711379051208,0.2766798436641693,1,0,1,0.10,'A2',1,0),
(3,7,1.0000000000000000,0.2833846807479858,0.9229394793510437,1,0,1,0.10,'A3',1,0),
(13,7,1.0000000000000000,0.6316711306571960,0.4253811538219452,0,0,1,0.10,'',4,0),
(14,7,1.0000000000000000,0.9944257736206055,0.2912939190864563,0,0,1,0.10,'',4,0),
(15,7,1.0000000000000000,0.4347825944423676,0.1778656095266342,0,30,0,0.05,'A6',4,1),
(16,7,1.0000000000000000,0.3913043439388275,0.1844532340764999,1,30,1,0.03,'4',5,1),
(17,7,1.0000000000000000,0.4118576943874359,0.2042160779237747,1,30,1,0.03,'5',5,1),
(18,7,1.0000000000000000,0.4324110746383667,0.2239789217710495,1,30,1,0.03,'6',5,1),
(19,7,1.0000000000000000,0.4529644250869751,0.2437417656183243,1,30,1,0.03,'7',5,1),
(20,7,1.0000000000000000,0.4166007936000824,0.1133069843053818,1,30,1,0.03,'11',5,1),
(21,7,1.0000000000000000,0.4371541440486908,0.1330698281526566,1,30,1,0.03,'10',5,1),
(22,7,1.0000000000000000,0.4577075242996216,0.1528326719999313,1,30,1,0.03,'9',5,1),
(23,7,1.0000000000000000,0.4782608747482300,0.1725955158472061,1,30,1,0.03,'8',5,1),
(24,7,1.0000000000000000,0.3976284563541412,0.2832674682140350,0,30,0,0.05,'A5',4,1),
(25,7,1.0000000000000000,0.3541502058506012,0.2898550629615784,1,30,1,0.03,'4',5,1),
(26,7,1.0000000000000000,0.3747035562992096,0.3096179068088531,1,30,1,0.03,'5',5,1),
(27,7,1.0000000000000000,0.3952569067478180,0.3293807506561279,1,30,1,0.03,'6',5,1),
(28,7,1.0000000000000000,0.4158102869987488,0.3491436243057251,1,30,1,0.03,'7',5,1),
(29,7,1.0000000000000000,0.3794466257095337,0.2187088280916214,1,30,1,0.03,'11',5,1),
(30,7,1.0000000000000000,0.4000000059604645,0.2384716719388962,1,30,1,0.03,'10',5,1),
(31,7,1.0000000000000000,0.4205533564090729,0.2582345306873322,1,30,1,0.03,'9',5,1),
(32,7,1.0000000000000000,0.4411067068576813,0.2779973745346069,1,30,1,0.03,'8',5,1),
(33,7,1.0000000000000000,0.3604743182659149,0.3886693120002747,0,30,0,0.05,'A4',4,1),
(34,7,1.0000000000000000,0.3169960379600525,0.3952569067478180,1,30,1,0.03,'4',5,1),
(35,7,1.0000000000000000,0.3375494182109833,0.4150197505950928,1,30,1,0.03,'5',5,1),
(36,7,1.0000000000000000,0.3581027686595917,0.4347825944423676,1,30,1,0.03,'6',5,1),
(37,7,1.0000000000000000,0.3786561191082001,0.4545454680919647,1,30,1,0.03,'7',5,1),
(38,7,1.0000000000000000,0.3422924876213074,0.3241106867790222,1,30,1,0.03,'11',5,1),
(39,7,1.0000000000000000,0.3628458380699158,0.3438735306262970,1,30,1,0.03,'10',5,1),
(40,7,1.0000000000000000,0.3833992183208466,0.3636363744735718,1,30,1,0.03,'9',5,1),
(41,7,1.0000000000000000,0.4039525687694550,0.3833992183208466,1,30,1,0.03,'8',5,1),
(42,7,1.0000000000000000,0.3233201503753662,0.4940711557865143,0,30,0,0.05,'A3',4,1),
(43,7,1.0000000000000000,0.2798418998718262,0.5006587505340576,1,30,1,0.03,'4',5,1),
(44,7,1.0000000000000000,0.3003952503204346,0.5204216241836548,1,30,1,0.03,'5',5,1),
(45,7,1.0000000000000000,0.3209486305713654,0.5401844382286072,1,30,1,0.03,'6',5,1),
(46,7,1.0000000000000000,0.3415019810199738,0.5599473118782043,1,30,1,0.03,'7',5,1),
(47,7,1.0000000000000000,0.3051383495330811,0.4295125305652618,1,30,1,0.03,'11',5,1),
(48,7,1.0000000000000000,0.3256916999816895,0.4492753744125366,1,30,1,0.03,'10',5,1),
(49,7,1.0000000000000000,0.3462450504302979,0.4690382182598114,1,30,1,0.03,'9',5,1),
(50,7,1.0000000000000000,0.3667984306812286,0.4888010621070862,1,30,1,0.03,'8',5,1),
(51,7,1.0000000000000000,0.2861660122871399,0.5994729995727539,0,30,0,0.05,'A2',4,1),
(52,7,1.0000000000000000,0.2426877468824387,0.6060606241226196,1,30,1,0.03,'4',5,1),
(53,7,1.0000000000000000,0.2632411122322083,0.6258234381675720,1,30,1,0.03,'5',5,1),
(54,7,1.0000000000000000,0.2837944626808167,0.6455863118171692,1,30,1,0.03,'6',5,1),
(55,7,1.0000000000000000,0.3043478131294250,0.6653491258621216,1,30,1,0.03,'7',5,1),
(56,7,1.0000000000000000,0.2679841816425323,0.5349143743515015,1,30,1,0.03,'11',5,1),
(57,7,1.0000000000000000,0.2885375618934631,0.5546771883964539,1,30,1,0.03,'10',5,1),
(58,7,1.0000000000000000,0.3090909123420715,0.5744400620460510,1,30,1,0.03,'9',5,1),
(59,7,1.0000000000000000,0.3296442627906799,0.5942028760910034,1,30,1,0.03,'8',5,1),
(60,7,1.0000000000000000,0.2490118592977524,0.7048748135566711,0,30,0,0.05,'A1',4,1),
(61,7,1.0000000000000000,0.2055335938930511,0.7114624381065369,1,30,1,0.03,'1',5,1),
(62,7,1.0000000000000000,0.2260869592428207,0.7312253117561340,1,30,1,0.03,'2',5,1),
(63,7,1.0000000000000000,0.2466403096914291,0.7509881258010864,1,30,1,0.03,'3',5,1),
(64,7,1.0000000000000000,0.2671936750411987,0.7707509994506836,1,30,1,0.03,'4',5,1),
(65,7,1.0000000000000000,0.2308300435543060,0.6403161883354187,1,30,1,0.03,'8',5,1),
(66,7,1.0000000000000000,0.2513833940029144,0.6600790619850159,1,30,1,0.03,'7',5,1),
(67,7,1.0000000000000000,0.2719367444515228,0.6798418760299683,1,30,1,0.03,'6',5,1),
(68,7,1.0000000000000000,0.2924901247024536,0.6996047496795654,1,30,1,0.03,'5',5,1),
(69,7,1.0000000000000000,0.4806324243545532,0.0803689062595367,0,30,0,0.05,'A7',6,1),
(70,7,1.0000000000000000,0.4505928754806519,0.1001317501068115,1,30,1,0.03,'1',5,1),
(71,7,1.0000000000000000,0.4703557193279266,0.1198946014046669,1,30,1,0.03,'2',5,1),
(72,7,1.0000000000000000,0.4909090995788574,0.1383399218320847,1,30,1,0.03,'3',5,1),
(73,7,1.0000000000000000,0.4782608747482300,0.0316205546259880,1,30,1,0.03,'6',5,1),
(74,7,1.0000000000000000,0.4964426755905151,0.0500658750534058,1,30,1,0.03,'5',5,1),
(75,7,1.0000000000000000,0.5162055492401123,0.0685111954808235,1,30,1,0.03,'4',5,1),
(76,7,1.0000000000000000,0.5454545617103577,0.2832674682140350,0,30,0,0.05,'B6',4,1),
(77,7,1.0000000000000000,0.5019763112068176,0.2898550629615784,1,30,1,0.03,'1',5,1),
(78,7,1.0000000000000000,0.5225296616554260,0.3096179068088531,1,30,1,0.03,'2',5,1),
(79,7,1.0000000000000000,0.5430830121040344,0.3293807506561279,1,30,1,0.03,'3',5,1),
(80,7,1.0000000000000000,0.5636363625526428,0.3491436243057251,1,30,1,0.03,'4',5,1),
(81,7,1.0000000000000000,0.5272727012634277,0.2187088280916214,1,30,1,0.03,'8',5,1),
(82,7,1.0000000000000000,0.5478261113166809,0.2384716719388962,1,30,1,0.03,'7',5,1),
(83,7,1.0000000000000000,0.5683794617652893,0.2582345306873322,1,30,1,0.03,'6',5,1),
(84,7,1.0000000000000000,0.5889328122138977,0.2779973745346069,1,30,1,0.03,'5',5,1),
(85,7,1.0000000000000000,0.5083004236221313,0.3886693120002747,0,30,0,0.05,'B5',4,1),
(86,7,1.0000000000000000,0.4650960564613342,0.3952569067478180,1,30,1,0.03,'1',5,1),
(87,7,1.0000000000000000,0.4856656789779663,0.4150197505950928,1,30,1,0.03,'2',5,1),
(88,7,1.0000000000000000,0.5062353014945984,0.4347825944423676,1,30,1,0.03,'3',5,1),
(89,7,1.0000000000000000,0.5268049240112305,0.4545454680919647,1,30,1,0.03,'4',5,1),
(90,7,1.0000000000000000,0.4904125034809113,0.3241106867790222,1,30,1,0.03,'8',5,1),
(91,7,1.0000000000000000,0.5109821557998657,0.3438735306262970,1,30,1,0.03,'7',5,1),
(92,7,1.0000000000000000,0.5315517783164978,0.3636363744735718,1,30,1,0.03,'6',5,1),
(93,7,1.0000000000000000,0.5521214008331299,0.3833992183208466,1,30,1,0.03,'5',5,1),
(94,7,1.0000000000000000,0.4711462557315826,0.4940711557865143,0,30,0,0.05,'B4',4,1),
(95,7,1.0000000000000000,0.4276679754257202,0.5006587505340576,1,30,1,0.03,'1',5,1),
(96,7,1.0000000000000000,0.4482213556766510,0.5204216241836548,1,30,1,0.03,'2',5,1),
(97,7,1.0000000000000000,0.4687747061252594,0.5401844382286072,1,30,1,0.03,'3',5,1),
(98,7,1.0000000000000000,0.4893280565738678,0.5599473118782043,1,30,1,0.03,'4',5,1),
(99,7,1.0000000000000000,0.4529644250869751,0.4295125305652618,1,30,1,0.03,'8',5,1),
(100,7,1.0000000000000000,0.4735177755355835,0.4492753744125366,1,30,1,0.03,'7',5,1),
(101,7,1.0000000000000000,0.4940711557865143,0.4690382182598114,1,30,1,0.03,'6',5,1),
(102,7,1.0000000000000000,0.5146244764328003,0.4888010621070862,1,30,1,0.03,'5',5,1),
(103,7,1.0000000000000000,0.4339920878410339,0.5994729995727539,0,30,0,0.05,'B3',4,1),
(104,7,1.0000000000000000,0.3905138373374939,0.6060606241226196,1,30,1,0.03,'1',5,1),
(105,7,1.0000000000000000,0.4110671877861023,0.6258234381675720,1,30,1,0.03,'2',5,1),
(106,7,1.0000000000000000,0.4316205680370331,0.6455863118171692,1,30,1,0.03,'3',5,1),
(107,7,1.0000000000000000,0.4521739184856415,0.6653491258621216,1,30,1,0.03,'4',5,1),
(108,7,1.0000000000000000,0.4158102869987488,0.5349143743515015,1,30,1,0.03,'8',5,1),
(109,7,1.0000000000000000,0.4363636374473572,0.5546771883964539,1,30,1,0.03,'7',5,1),
(110,7,1.0000000000000000,0.4569169878959656,0.5744400620460510,1,30,1,0.03,'6',5,1),
(111,7,1.0000000000000000,0.4774703681468964,0.5942028760910034,1,30,1,0.03,'5',5,1),
(112,7,1.0000000000000000,0.3968379497528076,0.7048748135566711,0,30,0,0.05,'B2',4,1),
(113,7,1.0000000000000000,0.3533596694469452,0.7114624381065369,1,30,1,0.03,'1',5,1),
(114,7,1.0000000000000000,0.3739130496978760,0.7312253117561340,1,30,1,0.03,'2',5,1),
(115,7,1.0000000000000000,0.3944664001464844,0.7509881258010864,1,30,1,0.03,'3',5,1),
(116,7,1.0000000000000000,0.4150197505950928,0.7707509994506836,1,30,1,0.03,'4',5,1),
(117,7,1.0000000000000000,0.3786561191082001,0.6403161883354187,1,30,1,0.03,'8',5,1),
(118,7,1.0000000000000000,0.3992094993591309,0.6600790619850159,1,30,1,0.03,'7',5,1),
(119,7,1.0000000000000000,0.4197628498077393,0.6798418760299683,1,30,1,0.03,'6',5,1),
(120,7,1.0000000000000000,0.4403162002563477,0.6996047496795654,1,30,1,0.03,'5',5,1),
(121,7,1.0000000000000000,0.3596837818622589,0.8102766871452332,0,30,0,0.05,'B1',4,1),
(122,7,1.0000000000000000,0.3162055313587189,0.8168643116950989,1,30,1,0.03,'1',5,1),
(123,7,1.0000000000000000,0.3367588818073273,0.8366271257400513,1,30,1,0.03,'2',5,1),
(124,7,1.0000000000000000,0.3573122620582581,0.8563899993896484,1,30,1,0.03,'3',5,1),
(125,7,1.0000000000000000,0.3778656125068665,0.8761528134346008,1,30,1,0.03,'4',5,1),
(126,7,1.0000000000000000,0.3415019810199738,0.7457180619239807,1,30,1,0.03,'8',5,1),
(127,7,1.0000000000000000,0.3620553314685822,0.7654808759689331,1,30,1,0.03,'7',5,1),
(128,7,1.0000000000000000,0.3826086819171906,0.7852437496185303,1,30,1,0.03,'6',5,1),
(129,7,1.0000000000000000,0.4031620621681213,0.8050065636634827,1,30,1,0.03,'5',5,1),
(130,7,1.0000000000000000,0.6955969333648682,0.2859025001525879,0,30,0,0.05,'C6',4,1),
(131,7,1.0000000000000000,0.6513833999633789,0.2924901247024536,1,30,1,0.03,'1',5,1),
(132,7,1.0000000000000000,0.6719367504119873,0.3122529685497284,1,30,1,0.03,'2',5,1),
(133,7,1.0000000000000000,0.6924901008605957,0.3320158123970032,1,30,1,0.03,'3',5,1),
(134,7,1.0000000000000000,0.7130434513092041,0.3517786562442780,1,30,1,0.03,'4',5,1),
(135,7,1.0000000000000000,0.6766798496246338,0.2213438749313354,1,30,1,0.03,'8',5,1),
(136,7,1.0000000000000000,0.6972332000732422,0.2411067187786102,1,30,1,0.03,'7',5,1),
(137,7,1.0000000000000000,0.7177865505218506,0.2608695626258850,1,30,1,0.03,'6',5,1),
(138,7,1.0000000000000000,0.7383399009704590,0.2806324064731598,1,30,1,0.03,'5',5,1),
(139,7,1.0000000000000000,0.6577075123786926,0.3913043439388275,0,30,0,0.05,'C5',4,1),
(140,7,1.0000000000000000,0.6142292618751526,0.3978919684886932,1,30,1,0.03,'1',5,1),
(141,7,1.0000000000000000,0.6347826123237610,0.4176548123359680,1,30,1,0.03,'2',5,1),
(142,7,1.0000000000000000,0.6553359627723694,0.4374176561832428,1,30,1,0.03,'3',5,1),
(143,7,1.0000000000000000,0.6758893132209778,0.4571805000305176,1,30,1,0.03,'4',5,1),
(144,7,1.0000000000000000,0.6395257115364075,0.3267457187175751,1,30,1,0.03,'8',5,1),
(145,7,1.0000000000000000,0.6600790619850159,0.3465085625648499,1,30,1,0.03,'7',5,1),
(146,7,1.0000000000000000,0.6806324124336243,0.3662714064121246,1,30,1,0.03,'6',5,1),
(147,7,1.0000000000000000,0.7011857628822327,0.3860342502593994,1,30,1,0.03,'5',5,1),
(148,7,1.0000000000000000,0.6205533742904663,0.4967061877250671,0,30,0,0.05,'C4',4,1),
(149,7,1.0000000000000000,0.5770751237869263,0.5032938122749329,1,30,1,0.03,'1',5,1),
(150,7,1.0000000000000000,0.5976284742355347,0.5230566263198853,1,30,1,0.03,'2',5,1),
(151,7,1.0000000000000000,0.6181818246841431,0.5428194999694824,1,30,1,0.03,'3',5,1),
(152,7,1.0000000000000000,0.6387351751327515,0.5625823736190796,1,30,1,0.03,'4',5,1),
(153,7,1.0000000000000000,0.6023715138435364,0.4321475625038147,1,30,1,0.03,'8',5,1),
(154,7,1.0000000000000000,0.6229249238967896,0.4519104063510895,1,30,1,0.03,'7',5,1),
(155,7,1.0000000000000000,0.6434782743453980,0.4716732501983643,1,30,1,0.03,'6',5,1),
(156,7,1.0000000000000000,0.6640316247940063,0.4914360940456390,1,30,1,0.03,'5',5,1),
(157,7,1.0000000000000000,0.5833992362022400,0.6021080613136292,0,30,0,0.05,'C3',4,1),
(158,7,1.0000000000000000,0.5399209260940552,0.6086956262588501,1,30,1,0.03,'1',5,1),
(159,7,1.0000000000000000,0.5604743361473083,0.6284584999084473,1,30,1,0.03,'2',5,1),
(160,7,1.0000000000000000,0.5810276865959167,0.6482213735580444,1,30,1,0.03,'3',5,1),
(161,7,1.0000000000000000,0.6015810370445251,0.6679841876029968,1,30,1,0.03,'4',5,1),
(162,7,1.0000000000000000,0.5652173757553101,0.5375494360923767,1,30,1,0.03,'8',5,1),
(163,7,1.0000000000000000,0.5857707262039185,0.5573122501373291,1,30,1,0.03,'7',5,1),
(164,7,1.0000000000000000,0.6063241362571716,0.5770751237869263,1,30,1,0.03,'6',5,1),
(165,7,1.0000000000000000,0.6268774867057800,0.5968379378318787,1,30,1,0.03,'5',5,1),
(166,7,1.0000000000000000,0.5462450385093689,0.7075098752975464,0,30,0,0.05,'C2',4,1),
(167,7,1.0000000000000000,0.5027667880058289,0.7140974998474121,1,30,1,0.03,'1',5,1),
(168,7,1.0000000000000000,0.5233201384544373,0.7338603138923645,1,30,1,0.03,'2',5,1),
(169,7,1.0000000000000000,0.5438734889030457,0.7536231875419617,1,30,1,0.03,'3',5,1),
(170,7,1.0000000000000000,0.5644268989562988,0.7733860611915588,1,30,1,0.03,'4',5,1),
(171,7,1.0000000000000000,0.5280632376670837,0.6429512500762940,1,30,1,0.03,'8',5,1),
(172,7,1.0000000000000000,0.5486165881156921,0.6627141237258911,1,30,1,0.03,'7',5,1),
(173,7,1.0000000000000000,0.5691699385643005,0.6824769377708435,1,30,1,0.03,'6',5,1),
(174,7,1.0000000000000000,0.5897233486175537,0.7022398114204407,1,30,1,0.03,'5',5,1),
(175,7,1.0000000000000000,0.5090909004211426,0.8129117488861084,0,30,0,0.05,'C1',4,1),
(176,7,1.0000000000000000,0.4656126499176025,0.8194993138313293,1,30,1,0.03,'1',5,1),
(177,7,1.0000000000000000,0.4861660003662109,0.8392621874809265,1,30,1,0.03,'2',5,1),
(178,7,1.0000000000000000,0.5067193508148193,0.8590250611305237,1,30,1,0.03,'3',5,1),
(179,7,1.0000000000000000,0.5272727012634277,0.8787878751754761,1,30,1,0.03,'4',5,1),
(180,7,1.0000000000000000,0.4909090995788574,0.7483531236648560,1,30,1,0.03,'8',5,1),
(181,7,1.0000000000000000,0.5114624500274658,0.7681159377098083,1,30,1,0.03,'7',5,1),
(182,7,1.0000000000000000,0.5320158004760742,0.7878788113594055,1,30,1,0.03,'6',5,1),
(183,7,1.0000000000000000,0.5525691509246826,0.8076416254043579,1,30,1,0.03,'5',5,1),
(184,7,1.0000000000000000,0.8023715615272522,0.3847167193889618,0,30,0,0.05,'D7',6,1),
(185,7,1.0000000000000000,0.7683794498443604,0.4018445312976837,1,30,1,0.03,'1',5,1),
(186,7,1.0000000000000000,0.7889328002929688,0.4216073751449585,1,30,1,0.03,'2',5,1),
(187,7,1.0000000000000000,0.8094861507415771,0.4413702189922333,1,30,1,0.03,'3',5,1),
(188,7,1.0000000000000000,0.7944663763046265,0.3280632495880127,1,30,1,0.03,'7',5,1),
(189,7,1.0000000000000000,0.8150197863578796,0.3478260934352875,1,30,1,0.03,'6',5,1),
(190,7,1.0000000000000000,0.8355731368064880,0.3675889372825623,1,30,1,0.03,'5',5,1),
(191,7,1.0000000000000000,0.7652173638343811,0.4901185631752014,0,30,0,0.05,'D6',6,1),
(192,7,1.0000000000000000,0.7312253117561340,0.5072463750839233,1,30,1,0.03,'1',5,1),
(193,7,1.0000000000000000,0.7517786622047424,0.5270092487335205,1,30,1,0.03,'2',5,1),
(194,7,1.0000000000000000,0.7723320126533508,0.5467720627784729,1,30,1,0.03,'3',5,1),
(195,7,1.0000000000000000,0.7573122382164001,0.4334650933742523,1,30,1,0.03,'7',5,1),
(196,7,1.0000000000000000,0.7778655886650085,0.4516097605228424,1,30,1,0.03,'6',5,1),
(197,7,1.0000000000000000,0.7984189987182617,0.4729907810688019,1,30,1,0.03,'5',5,1),
(198,7,1.0000000000000000,0.7280632257461548,0.5955204367637634,0,30,0,0.05,'D5',6,1),
(199,7,1.0000000000000000,0.6940711736679077,0.6126482486724854,1,30,1,0.03,'1',5,1),
(200,7,1.0000000000000000,0.7146245241165161,0.6324110627174377,1,30,1,0.03,'2',5,1),
(201,7,1.0000000000000000,0.7351778745651245,0.6521739363670349,1,30,1,0.03,'3',5,1),
(202,7,1.0000000000000000,0.7201581001281738,0.5388669371604919,1,30,1,0.03,'7',5,1),
(203,7,1.0000000000000000,0.7407114505767822,0.5586297512054443,1,30,1,0.03,'6',5,1),
(204,7,1.0000000000000000,0.7612648010253906,0.5783926248550415,1,30,1,0.03,'5',5,1),
(205,7,1.0000000000000000,0.6909090876579285,0.7009222507476807,0,30,0,0.05,'D4',6,1),
(206,7,1.0000000000000000,0.6569169759750366,0.7180500626564026,1,30,1,0.03,'1',5,1),
(207,7,1.0000000000000000,0.6774703264236450,0.7378129363059998,1,30,1,0.03,'2',5,1),
(208,7,1.0000000000000000,0.6980237364768982,0.7575757503509521,1,30,1,0.03,'3',5,1),
(209,7,1.0000000000000000,0.6830039620399475,0.6442687511444092,1,30,1,0.03,'7',5,1),
(210,7,1.0000000000000000,0.7035573124885559,0.6640316247940063,1,30,1,0.03,'6',5,1),
(211,7,1.0000000000000000,0.7241106629371643,0.6837944388389587,1,30,1,0.03,'5',5,1),
(212,7,1.0000000000000000,0.6537549495697021,0.8063241243362427,0,30,0,0.05,'D3',6,1),
(213,7,1.0000000000000000,0.6197628378868103,0.8234519362449646,1,30,1,0.03,'1',5,1),
(214,7,1.0000000000000000,0.6403161883354187,0.8432147502899170,1,30,1,0.03,'2',5,1),
(215,7,1.0000000000000000,0.6608695387840271,0.8629776239395142,1,30,1,0.03,'3',5,1),
(216,7,1.0000000000000000,0.6458498239517212,0.7496706247329712,1,30,1,0.03,'7',5,1),
(217,7,1.0000000000000000,0.6664031744003296,0.7694334387779236,1,30,1,0.03,'6',5,1),
(218,7,1.0000000000000000,0.6869565248489380,0.7891963124275208,1,30,1,0.03,'5',5,1),
(219,7,1.0000000000000000,0.6166008114814758,0.9117259383201599,0,30,0,0.05,'D2',6,1),
(220,7,1.0000000000000000,0.5826086997985840,0.9288537502288818,1,30,1,0.03,'1',5,1),
(221,7,1.0000000000000000,0.6031620502471924,0.9486166238784790,1,30,1,0.03,'2',5,1),
(222,7,1.0000000000000000,0.6237154006958008,0.9683794379234314,1,30,1,0.03,'3',5,1),
(223,7,1.0000000000000000,0.6086956262588501,0.8550724387168884,1,30,1,0.03,'7',5,1),
(224,7,1.0000000000000000,0.6292490363121033,0.8748353123664856,1,30,1,0.03,'6',5,1),
(225,7,1.0000000000000000,0.6498023867607117,0.8945981264114380,1,30,1,0.03,'5',5,1),
(275,7,1.0000000000000000,0.8102766871452332,0.5335968136787415,1,30,1,0.03,'4',5,1),
(276,7,1.0000000000000000,0.7723320126533508,0.6376811861991882,1,30,1,0.03,'4',5,1),
(277,7,1.0000000000000000,0.8466402888298035,0.4308300316333771,1,30,1,0.03,'4',5,1),
(278,7,1.0000000000000000,0.7343873381614685,0.7444005012512207,1,30,1,0.03,'4',5,1),
(279,7,1.0000000000000000,0.6608695387840271,0.9552041888237000,1,30,1,0.03,'4',5,0),
(280,7,1.0000000000000000,0.6980237364768982,0.8498023748397827,1,30,1,0.03,'4',5,1),
(335,7,1.0000000000000000,0.1675889343023300,0.6258234381675720,0,30,0,0.05,'A1',6,1),
(336,7,1.0000000000000000,0.1335968375205994,0.6429512500762940,1,30,1,0.03,'1',5,1),
(337,7,1.0000000000000000,0.1541502028703690,0.6627141237258911,1,30,1,0.03,'2',5,1),
(338,7,1.0000000000000000,0.1747035533189774,0.6824769377708435,1,30,1,0.03,'3',5,1),
(339,7,1.0000000000000000,0.1596837937831879,0.5691699385643005,1,30,1,0.03,'14',5,1),
(340,7,1.0000000000000000,0.1802371591329575,0.5889328122138977,1,30,1,0.03,'13',5,1),
(341,7,1.0000000000000000,0.2007905095815659,0.6086956262588501,1,30,1,0.03,'12',5,1),
(342,7,1.0000000000000000,0.2047430872917175,0.5204216241836548,0,30,0,0.05,'A2',6,1),
(343,7,1.0000000000000000,0.1707509905099869,0.5375494360923767,1,30,1,0.03,'1',5,1),
(344,7,1.0000000000000000,0.1913043409585953,0.5573122501373291,1,30,1,0.03,'2',5,1),
(345,7,1.0000000000000000,0.2118577063083649,0.5770751237869263,1,30,1,0.03,'3',5,1),
(346,7,1.0000000000000000,0.1968379467725754,0.4637681245803833,1,30,1,0.03,'14',5,1),
(347,7,1.0000000000000000,0.2173912972211838,0.4835309684276581,1,30,1,0.03,'13',5,1),
(348,7,1.0000000000000000,0.2379446625709534,0.5032938122749329,1,30,1,0.03,'12',5,1),
(349,7,1.0000000000000000,0.2418972402811050,0.4150197505950928,0,30,0,0.05,'A3',6,1),
(350,7,1.0000000000000000,0.2079051434993744,0.4321475625038147,1,30,1,0.03,'1',5,1),
(351,7,1.0000000000000000,0.2284584939479828,0.4519104063510895,1,30,1,0.03,'2',5,1),
(352,7,1.0000000000000000,0.2490118592977524,0.4716732501983643,1,30,1,0.03,'3',5,1),
(353,7,1.0000000000000000,0.2339920997619629,0.3583662807941437,1,30,1,0.03,'14',5,1),
(354,7,1.0000000000000000,0.2545454502105713,0.3781291246414185,1,30,1,0.03,'13',5,1),
(355,7,1.0000000000000000,0.2750988006591797,0.3978919684886932,1,30,1,0.03,'12',5,1),
(356,7,1.0000000000000000,0.2790513932704926,0.3096179068088531,0,30,0,0.05,'A4',6,1),
(357,7,1.0000000000000000,0.2450592815876007,0.3267457187175751,1,30,1,0.03,'1',5,1),
(358,7,1.0000000000000000,0.2656126618385315,0.3465085625648499,1,30,1,0.03,'2',5,1),
(359,7,1.0000000000000000,0.2861660122871399,0.3662714064121246,1,30,1,0.03,'3',5,1),
(360,7,1.0000000000000000,0.2711462378501892,0.2529644370079041,1,30,1,0.03,'14',5,1),
(361,7,1.0000000000000000,0.2916996181011200,0.2727272808551788,1,30,1,0.03,'13',5,1),
(362,7,1.0000000000000000,0.3122529685497284,0.2924901247024536,1,30,1,0.03,'12',5,1),
(363,7,1.0000000000000000,0.3162055313587189,0.2042160779237747,0,30,0,0.05,'A5',6,1),
(364,7,1.0000000000000000,0.2822134494781494,0.2213438749313354,1,30,1,0.03,'1',5,1),
(365,7,1.0000000000000000,0.3027667999267578,0.2411067187786102,1,30,1,0.03,'2',5,1),
(366,7,1.0000000000000000,0.3233201503753662,0.2608695626258850,1,30,1,0.03,'3',5,1),
(367,7,1.0000000000000000,0.3083004057407379,0.1475625783205032,1,30,1,0.03,'14',5,1),
(368,7,1.0000000000000000,0.3288537561893463,0.1673254221677780,1,30,1,0.03,'13',5,1),
(369,7,1.0000000000000000,0.3494071066379547,0.1870882809162140,1,30,1,0.03,'12',5,1),
(370,7,1.0000000000000000,0.3533596694469452,0.0988142266869545,0,30,0,0.05,'A6',6,1),
(371,7,1.0000000000000000,0.3193675875663757,0.1159420311450958,1,30,1,0.03,'1',5,1),
(372,7,1.0000000000000000,0.3399209380149841,0.1357048749923706,1,30,1,0.03,'2',5,1),
(373,7,1.0000000000000000,0.3604743182659149,0.1554677188396454,1,30,1,0.03,'3',5,1),
(374,7,1.0000000000000000,0.3454545438289642,0.0421607382595539,1,30,1,0.03,'14',5,1),
(375,7,1.0000000000000000,0.3660078942775726,0.0619235821068287,1,30,1,0.03,'13',5,1),
(376,7,1.0000000000000000,0.3865612745285034,0.0816864296793938,1,30,1,0.03,'12',5,1),
(377,9,1.0000000000000000,0.4347825944423676,0.1778656095266342,0,30,0,0.05,'A6',4,1),
(378,9,1.0000000000000000,0.3913043439388275,0.1844532340764999,1,30,1,0.03,'4',5,1),
(379,9,1.0000000000000000,0.4118576943874359,0.2042160779237747,1,30,1,0.03,'5',5,1),
(380,9,1.0000000000000000,0.4324110746383667,0.2239789217710495,1,30,1,0.03,'6',5,1),
(381,9,1.0000000000000000,0.4529644250869751,0.2437417656183243,1,30,1,0.03,'7',5,1),
(382,9,1.0000000000000000,0.4166007936000824,0.1133069843053818,1,30,1,0.03,'11',5,1),
(383,9,1.0000000000000000,0.4371541440486908,0.1330698281526566,1,30,1,0.03,'10',5,1),
(384,9,1.0000000000000000,0.4577075242996216,0.1528326719999313,1,30,1,0.03,'9',5,1),
(385,9,1.0000000000000000,0.4782608747482300,0.1725955158472061,1,30,1,0.03,'8',5,1),
(386,9,1.0000000000000000,0.3976284563541412,0.2832674682140350,0,30,0,0.05,'A5',4,1),
(387,9,1.0000000000000000,0.3541502058506012,0.2898550629615784,1,30,1,0.03,'4',5,1),
(388,9,1.0000000000000000,0.3747035562992096,0.3096179068088531,1,30,1,0.03,'5',5,1),
(389,9,1.0000000000000000,0.3952569067478180,0.3293807506561279,1,30,1,0.03,'6',5,1),
(390,9,1.0000000000000000,0.4158102869987488,0.3491436243057251,1,30,1,0.03,'7',5,1),
(391,9,1.0000000000000000,0.3794466257095337,0.2187088280916214,1,30,1,0.03,'11',5,1),
(392,9,1.0000000000000000,0.4000000059604645,0.2384716719388962,1,30,1,0.03,'10',5,1),
(393,9,1.0000000000000000,0.4205533564090729,0.2582345306873322,1,30,1,0.03,'9',5,1),
(394,9,1.0000000000000000,0.4411067068576813,0.2779973745346069,1,30,1,0.03,'8',5,1),
(395,9,1.0000000000000000,0.3604743182659149,0.3886693120002747,0,30,0,0.05,'A4',4,1),
(396,9,1.0000000000000000,0.3169960379600525,0.3952569067478180,1,30,1,0.03,'4',5,1),
(397,9,1.0000000000000000,0.3375494182109833,0.4150197505950928,1,30,1,0.03,'5',5,1),
(398,9,1.0000000000000000,0.3581027686595917,0.4347825944423676,1,30,1,0.03,'6',5,1),
(399,9,1.0000000000000000,0.3786561191082001,0.4545454680919647,1,30,1,0.03,'7',5,1),
(400,9,1.0000000000000000,0.3422924876213074,0.3241106867790222,1,30,1,0.03,'11',5,1),
(401,9,1.0000000000000000,0.3628458380699158,0.3438735306262970,1,30,1,0.03,'10',5,1),
(402,9,1.0000000000000000,0.3833992183208466,0.3636363744735718,1,30,1,0.03,'9',5,1),
(403,9,1.0000000000000000,0.4039525687694550,0.3833992183208466,1,30,1,0.03,'8',5,1),
(404,9,1.0000000000000000,0.3233201503753662,0.4940711557865143,0,30,0,0.05,'A3',4,1),
(405,9,1.0000000000000000,0.2798418998718262,0.5006587505340576,1,30,1,0.03,'4',5,1),
(406,9,1.0000000000000000,0.3003952503204346,0.5204216241836548,1,30,1,0.03,'5',5,1),
(407,9,1.0000000000000000,0.3209486305713654,0.5401844382286072,1,30,1,0.03,'6',5,1),
(408,9,1.0000000000000000,0.3415019810199738,0.5599473118782043,1,30,1,0.03,'7',5,1),
(409,9,1.0000000000000000,0.3051383495330811,0.4295125305652618,1,30,1,0.03,'11',5,1),
(410,9,1.0000000000000000,0.3256916999816895,0.4492753744125366,1,30,1,0.03,'10',5,1),
(411,9,1.0000000000000000,0.3462450504302979,0.4690382182598114,1,30,1,0.03,'9',5,1),
(412,9,1.0000000000000000,0.3667984306812286,0.4888010621070862,1,30,1,0.03,'8',5,1),
(413,9,1.0000000000000000,0.2861660122871399,0.5994729995727539,0,30,0,0.05,'A2',4,1),
(414,9,1.0000000000000000,0.2426877468824387,0.6060606241226196,1,30,1,0.03,'4',5,1),
(415,9,1.0000000000000000,0.2632411122322083,0.6258234381675720,1,30,1,0.03,'5',5,1),
(416,9,1.0000000000000000,0.2837944626808167,0.6455863118171692,1,30,1,0.03,'6',5,1),
(417,9,1.0000000000000000,0.3043478131294250,0.6653491258621216,1,30,1,0.03,'7',5,1),
(418,9,1.0000000000000000,0.2679841816425323,0.5349143743515015,1,30,1,0.03,'11',5,1),
(419,9,1.0000000000000000,0.2885375618934631,0.5546771883964539,1,30,1,0.03,'10',5,1),
(420,9,1.0000000000000000,0.3090909123420715,0.5744400620460510,1,30,1,0.03,'9',5,1),
(421,9,1.0000000000000000,0.3296442627906799,0.5942028760910034,1,30,1,0.03,'8',5,1),
(422,9,1.0000000000000000,0.2490118592977524,0.7048748135566711,0,30,0,0.05,'A1',4,1),
(423,9,1.0000000000000000,0.2055335938930511,0.7114624381065369,1,30,1,0.03,'1',5,1),
(424,9,1.0000000000000000,0.2260869592428207,0.7312253117561340,1,30,1,0.03,'2',5,1),
(425,9,1.0000000000000000,0.2466403096914291,0.7509881258010864,1,30,1,0.03,'3',5,1),
(426,9,1.0000000000000000,0.2671936750411987,0.7707509994506836,1,30,1,0.03,'4',5,1),
(427,9,1.0000000000000000,0.2308300435543060,0.6403161883354187,1,30,1,0.03,'8',5,1),
(428,9,1.0000000000000000,0.2513833940029144,0.6600790619850159,1,30,1,0.03,'7',5,1),
(429,9,1.0000000000000000,0.2719367444515228,0.6798418760299683,1,30,1,0.03,'6',5,1),
(430,9,1.0000000000000000,0.2924901247024536,0.6996047496795654,1,30,1,0.03,'5',5,1),
(431,9,1.0000000000000000,0.4806324243545532,0.0803689062595367,0,30,0,0.05,'A7',6,1),
(432,9,1.0000000000000000,0.4505928754806519,0.1001317501068115,1,30,1,0.03,'1',5,1),
(433,9,1.0000000000000000,0.4703557193279266,0.1198946014046669,1,30,1,0.03,'2',5,1),
(434,9,1.0000000000000000,0.4909090995788574,0.1383399218320847,1,30,1,0.03,'3',5,1),
(435,9,1.0000000000000000,0.4782608747482300,0.0316205546259880,1,30,1,0.03,'6',5,1),
(436,9,1.0000000000000000,0.4964426755905151,0.0500658750534058,1,30,1,0.03,'5',5,1),
(437,9,1.0000000000000000,0.5162055492401123,0.0685111954808235,1,30,1,0.03,'4',5,1),
(438,9,1.0000000000000000,0.5454545617103577,0.2832674682140350,0,30,0,0.05,'B6',4,1),
(439,9,1.0000000000000000,0.5019763112068176,0.2898550629615784,1,30,1,0.03,'1',5,1),
(440,9,1.0000000000000000,0.5225296616554260,0.3096179068088531,1,30,1,0.03,'2',5,1),
(441,9,1.0000000000000000,0.5430830121040344,0.3293807506561279,1,30,1,0.03,'3',5,1),
(442,9,1.0000000000000000,0.5636363625526428,0.3491436243057251,1,30,1,0.03,'4',5,1),
(443,9,1.0000000000000000,0.5272727012634277,0.2187088280916214,1,30,1,0.03,'8',5,1),
(444,9,1.0000000000000000,0.5478261113166809,0.2384716719388962,1,30,1,0.03,'7',5,1),
(445,9,1.0000000000000000,0.5683794617652893,0.2582345306873322,1,30,1,0.03,'6',5,1),
(446,9,1.0000000000000000,0.5889328122138977,0.2779973745346069,1,30,1,0.03,'5',5,1),
(447,9,1.0000000000000000,0.5083004236221313,0.3886693120002747,0,30,0,0.05,'B5',4,1),
(448,9,1.0000000000000000,0.4650960564613342,0.3952569067478180,1,30,1,0.03,'1',5,1),
(449,9,1.0000000000000000,0.4856656789779663,0.4150197505950928,1,30,1,0.03,'2',5,1),
(450,9,1.0000000000000000,0.5062353014945984,0.4347825944423676,1,30,1,0.03,'3',5,1),
(451,9,1.0000000000000000,0.5268049240112305,0.4545454680919647,1,30,1,0.03,'4',5,1),
(452,9,1.0000000000000000,0.4904125034809113,0.3241106867790222,1,30,1,0.03,'8',5,1),
(453,9,1.0000000000000000,0.5109821557998657,0.3438735306262970,1,30,1,0.03,'7',5,1),
(454,9,1.0000000000000000,0.5315517783164978,0.3636363744735718,1,30,1,0.03,'6',5,1),
(455,9,1.0000000000000000,0.5521214008331299,0.3833992183208466,1,30,1,0.03,'5',5,1),
(456,9,1.0000000000000000,0.4711462557315826,0.4940711557865143,0,30,0,0.05,'B4',4,1),
(457,9,1.0000000000000000,0.4276679754257202,0.5006587505340576,1,30,1,0.03,'1',5,1),
(458,9,1.0000000000000000,0.4482213556766510,0.5204216241836548,1,30,1,0.03,'2',5,1),
(459,9,1.0000000000000000,0.4687747061252594,0.5401844382286072,1,30,1,0.03,'3',5,1),
(460,9,1.0000000000000000,0.4893280565738678,0.5599473118782043,1,30,1,0.03,'4',5,1),
(461,9,1.0000000000000000,0.4529644250869751,0.4295125305652618,1,30,1,0.03,'8',5,1),
(462,9,1.0000000000000000,0.4735177755355835,0.4492753744125366,1,30,1,0.03,'7',5,1),
(463,9,1.0000000000000000,0.4940711557865143,0.4690382182598114,1,30,1,0.03,'6',5,1),
(464,9,1.0000000000000000,0.5146244764328003,0.4888010621070862,1,30,1,0.03,'5',5,1),
(465,9,1.0000000000000000,0.4339920878410339,0.5994729995727539,0,30,0,0.05,'B3',4,1),
(466,9,1.0000000000000000,0.3905138373374939,0.6060606241226196,1,30,1,0.03,'1',5,1),
(467,9,1.0000000000000000,0.4110671877861023,0.6258234381675720,1,30,1,0.03,'2',5,1),
(468,9,1.0000000000000000,0.4316205680370331,0.6455863118171692,1,30,1,0.03,'3',5,1),
(469,9,1.0000000000000000,0.4521739184856415,0.6653491258621216,1,30,1,0.03,'4',5,1),
(470,9,1.0000000000000000,0.4158102869987488,0.5349143743515015,1,30,1,0.03,'8',5,1),
(471,9,1.0000000000000000,0.4363636374473572,0.5546771883964539,1,30,1,0.03,'7',5,1),
(472,9,1.0000000000000000,0.4569169878959656,0.5744400620460510,1,30,1,0.03,'6',5,1),
(473,9,1.0000000000000000,0.4774703681468964,0.5942028760910034,1,30,1,0.03,'5',5,1),
(474,9,1.0000000000000000,0.3968379497528076,0.7048748135566711,0,30,0,0.05,'B2',4,1),
(475,9,1.0000000000000000,0.3533596694469452,0.7114624381065369,1,30,1,0.03,'1',5,1),
(476,9,1.0000000000000000,0.3739130496978760,0.7312253117561340,1,30,1,0.03,'2',5,1),
(477,9,1.0000000000000000,0.3944664001464844,0.7509881258010864,1,30,1,0.03,'3',5,1),
(478,9,1.0000000000000000,0.4150197505950928,0.7707509994506836,1,30,1,0.03,'4',5,1),
(479,9,1.0000000000000000,0.3786561191082001,0.6403161883354187,1,30,1,0.03,'8',5,1),
(480,9,1.0000000000000000,0.3992094993591309,0.6600790619850159,1,30,1,0.03,'7',5,1),
(481,9,1.0000000000000000,0.4197628498077393,0.6798418760299683,1,30,1,0.03,'6',5,1),
(482,9,1.0000000000000000,0.4403162002563477,0.6996047496795654,1,30,1,0.03,'5',5,1),
(483,9,1.0000000000000000,0.3596837818622589,0.8102766871452332,0,30,0,0.05,'B1',4,1),
(484,9,1.0000000000000000,0.3162055313587189,0.8168643116950989,1,30,1,0.03,'1',5,1),
(485,9,1.0000000000000000,0.3367588818073273,0.8366271257400513,1,30,1,0.03,'2',5,1),
(486,9,1.0000000000000000,0.3573122620582581,0.8563899993896484,1,30,1,0.03,'3',5,1),
(487,9,1.0000000000000000,0.3778656125068665,0.8761528134346008,1,30,1,0.03,'4',5,1),
(488,9,1.0000000000000000,0.3415019810199738,0.7457180619239807,1,30,1,0.03,'8',5,1),
(489,9,1.0000000000000000,0.3620553314685822,0.7654808759689331,1,30,1,0.03,'7',5,1),
(490,9,1.0000000000000000,0.3826086819171906,0.7852437496185303,1,30,1,0.03,'6',5,1),
(491,9,1.0000000000000000,0.4031620621681213,0.8050065636634827,1,30,1,0.03,'5',5,1),
(492,9,1.0000000000000000,0.6948616504669190,0.2859025001525879,0,30,0,0.05,'C6',4,1),
(493,9,1.0000000000000000,0.6513833999633789,0.2924901247024536,1,30,1,0.03,'1',5,1),
(494,9,1.0000000000000000,0.6719367504119873,0.3122529685497284,1,30,1,0.03,'2',5,1),
(495,9,1.0000000000000000,0.6924901008605957,0.3320158123970032,1,30,1,0.03,'3',5,1),
(496,9,1.0000000000000000,0.7130434513092041,0.3517786562442780,1,30,1,0.03,'4',5,1),
(497,9,1.0000000000000000,0.6766798496246338,0.2213438749313354,1,30,1,0.03,'8',5,1),
(498,9,1.0000000000000000,0.6972332000732422,0.2411067187786102,1,30,1,0.03,'7',5,1),
(499,9,1.0000000000000000,0.7177865505218506,0.2608695626258850,1,30,1,0.03,'6',5,1),
(500,9,1.0000000000000000,0.7383399009704590,0.2806324064731598,1,30,1,0.03,'5',5,1),
(501,9,1.0000000000000000,0.6577075123786926,0.3913043439388275,0,30,0,0.05,'C5',4,1),
(502,9,1.0000000000000000,0.6142292618751526,0.3978919684886932,1,30,1,0.03,'1',5,1),
(503,9,1.0000000000000000,0.6347826123237610,0.4176548123359680,1,30,1,0.03,'2',5,1),
(504,9,1.0000000000000000,0.6553359627723694,0.4374176561832428,1,30,1,0.03,'3',5,1),
(505,9,1.0000000000000000,0.6758893132209778,0.4571805000305176,1,30,1,0.03,'4',5,1),
(506,9,1.0000000000000000,0.6395257115364075,0.3267457187175751,1,30,1,0.03,'8',5,1),
(507,9,1.0000000000000000,0.6600790619850159,0.3465085625648499,1,30,1,0.03,'7',5,1),
(508,9,1.0000000000000000,0.6806324124336243,0.3662714064121246,1,30,1,0.03,'6',5,1),
(509,9,1.0000000000000000,0.7011857628822327,0.3860342502593994,1,30,1,0.03,'5',5,1),
(510,9,1.0000000000000000,0.6205533742904663,0.4967061877250671,0,30,0,0.05,'C4',4,1),
(511,9,1.0000000000000000,0.5770751237869263,0.5032938122749329,1,30,1,0.03,'1',5,1),
(512,9,1.0000000000000000,0.5976284742355347,0.5230566263198853,1,30,1,0.03,'2',5,1),
(513,9,1.0000000000000000,0.6181818246841431,0.5428194999694824,1,30,1,0.03,'3',5,1),
(514,9,1.0000000000000000,0.6387351751327515,0.5625823736190796,1,30,1,0.03,'4',5,1),
(515,9,1.0000000000000000,0.6023715138435364,0.4321475625038147,1,30,1,0.03,'8',5,1),
(516,9,1.0000000000000000,0.6229249238967896,0.4519104063510895,1,30,1,0.03,'7',5,1),
(517,9,1.0000000000000000,0.6434782743453980,0.4716732501983643,1,30,1,0.03,'6',5,1),
(518,9,1.0000000000000000,0.6640316247940063,0.4914360940456390,1,30,1,0.03,'5',5,1),
(519,9,1.0000000000000000,0.5833992362022400,0.6021080613136292,0,30,0,0.05,'C3',4,1),
(520,9,1.0000000000000000,0.5399209260940552,0.6086956262588501,1,30,1,0.03,'1',5,1),
(521,9,1.0000000000000000,0.5604743361473083,0.6284584999084473,1,30,1,0.03,'2',5,1),
(522,9,1.0000000000000000,0.5810276865959167,0.6482213735580444,1,30,1,0.03,'3',5,1),
(523,9,1.0000000000000000,0.6015810370445251,0.6679841876029968,1,30,1,0.03,'4',5,1),
(524,9,1.0000000000000000,0.5652173757553101,0.5375494360923767,1,30,1,0.03,'8',5,1),
(525,9,1.0000000000000000,0.5857707262039185,0.5573122501373291,1,30,1,0.03,'7',5,1),
(526,9,1.0000000000000000,0.6063241362571716,0.5770751237869263,1,30,1,0.03,'6',5,1),
(527,9,1.0000000000000000,0.6268774867057800,0.5968379378318787,1,30,1,0.03,'5',5,1),
(528,9,1.0000000000000000,0.5462450385093689,0.7075098752975464,0,30,0,0.05,'C2',4,1),
(529,9,1.0000000000000000,0.5027667880058289,0.7140974998474121,1,30,1,0.03,'1',5,1),
(530,9,1.0000000000000000,0.5233201384544373,0.7338603138923645,1,30,1,0.03,'2',5,1),
(531,9,1.0000000000000000,0.5438734889030457,0.7536231875419617,1,30,1,0.03,'3',5,1),
(532,9,1.0000000000000000,0.5644268989562988,0.7733860611915588,1,30,1,0.03,'4',5,1),
(533,9,1.0000000000000000,0.5280632376670837,0.6429512500762940,1,30,1,0.03,'8',5,1),
(534,9,1.0000000000000000,0.5486165881156921,0.6627141237258911,1,30,1,0.03,'7',5,1),
(535,9,1.0000000000000000,0.5691699385643005,0.6824769377708435,1,30,1,0.03,'6',5,1),
(536,9,1.0000000000000000,0.5897233486175537,0.7022398114204407,1,30,1,0.03,'5',5,1),
(537,9,1.0000000000000000,0.5090909004211426,0.8129117488861084,0,30,0,0.05,'C1',4,1),
(538,9,1.0000000000000000,0.4656126499176025,0.8194993138313293,1,30,1,0.03,'1',5,1),
(539,9,1.0000000000000000,0.4861660003662109,0.8392621874809265,1,30,1,0.03,'2',5,1),
(540,9,1.0000000000000000,0.5067193508148193,0.8590250611305237,1,30,1,0.03,'3',5,1),
(541,9,1.0000000000000000,0.5272727012634277,0.8787878751754761,1,30,1,0.03,'4',5,1),
(542,9,1.0000000000000000,0.4909090995788574,0.7483531236648560,1,30,1,0.03,'8',5,1),
(543,9,1.0000000000000000,0.5114624500274658,0.7681159377098083,1,30,1,0.03,'7',5,1),
(544,9,1.0000000000000000,0.5320158004760742,0.7878788113594055,1,30,1,0.03,'6',5,1),
(545,9,1.0000000000000000,0.5525691509246826,0.8076416254043579,1,30,1,0.03,'5',5,1),
(546,9,1.0000000000000000,0.8023715615272522,0.3847167193889618,0,30,0,0.05,'D7',6,1),
(547,9,1.0000000000000000,0.7683794498443604,0.4018445312976837,1,30,1,0.03,'1',5,1),
(548,9,1.0000000000000000,0.7889328002929688,0.4216073751449585,1,30,1,0.03,'2',5,1),
(549,9,1.0000000000000000,0.8094861507415771,0.4413702189922333,1,30,1,0.03,'3',5,1),
(550,9,1.0000000000000000,0.7944663763046265,0.3280632495880127,1,30,1,0.03,'7',5,1),
(551,9,1.0000000000000000,0.8150197863578796,0.3478260934352875,1,30,1,0.03,'6',5,1),
(552,9,1.0000000000000000,0.8355731368064880,0.3675889372825623,1,30,1,0.03,'5',5,1),
(553,9,1.0000000000000000,0.7652173638343811,0.4901185631752014,0,30,0,0.05,'D6',6,1),
(554,9,1.0000000000000000,0.7312253117561340,0.5072463750839233,1,30,1,0.03,'1',5,1),
(555,9,1.0000000000000000,0.7517786622047424,0.5270092487335205,1,30,1,0.03,'2',5,1),
(556,9,1.0000000000000000,0.7723320126533508,0.5467720627784729,1,30,1,0.03,'3',5,1),
(557,9,1.0000000000000000,0.7573122382164001,0.4334650933742523,1,30,1,0.03,'7',5,1),
(558,9,1.0000000000000000,0.7778655886650085,0.4532279372215271,1,30,1,0.03,'6',5,1),
(559,9,1.0000000000000000,0.7984189987182617,0.4729907810688019,1,30,1,0.03,'5',5,1),
(560,9,1.0000000000000000,0.7280632257461548,0.5955204367637634,0,30,0,0.05,'D5',6,1),
(561,9,1.0000000000000000,0.6940711736679077,0.6126482486724854,1,30,1,0.03,'1',5,1),
(562,9,1.0000000000000000,0.7146245241165161,0.6324110627174377,1,30,1,0.03,'2',5,1),
(563,9,1.0000000000000000,0.7351778745651245,0.6521739363670349,1,30,1,0.03,'3',5,1),
(564,9,1.0000000000000000,0.7201581001281738,0.5388669371604919,1,30,1,0.03,'7',5,1),
(565,9,1.0000000000000000,0.7407114505767822,0.5586297512054443,1,30,1,0.03,'6',5,1),
(566,9,1.0000000000000000,0.7612648010253906,0.5783926248550415,1,30,1,0.03,'5',5,1),
(567,9,1.0000000000000000,0.6909090876579285,0.7009222507476807,0,30,0,0.05,'D4',6,1),
(568,9,1.0000000000000000,0.6569169759750366,0.7180500626564026,1,30,1,0.03,'1',5,1),
(569,9,1.0000000000000000,0.6774703264236450,0.7378129363059998,1,30,1,0.03,'2',5,1),
(570,9,1.0000000000000000,0.6980237364768982,0.7575757503509521,1,30,1,0.03,'3',5,1),
(571,9,1.0000000000000000,0.6830039620399475,0.6442687511444092,1,30,1,0.03,'7',5,1),
(572,9,1.0000000000000000,0.7035573124885559,0.6640316247940063,1,30,1,0.03,'6',5,1),
(573,9,1.0000000000000000,0.7241106629371643,0.6837944388389587,1,30,1,0.03,'5',5,1),
(574,9,1.0000000000000000,0.6537549495697021,0.8063241243362427,0,30,0,0.05,'D3',6,1),
(575,9,1.0000000000000000,0.6197628378868103,0.8234519362449646,1,30,1,0.03,'1',5,1),
(576,9,1.0000000000000000,0.6403161883354187,0.8432147502899170,1,30,1,0.03,'2',5,1),
(577,9,1.0000000000000000,0.6608695387840271,0.8629776239395142,1,30,1,0.03,'3',5,1),
(578,9,1.0000000000000000,0.6458498239517212,0.7496706247329712,1,30,1,0.03,'7',5,1),
(579,9,1.0000000000000000,0.6664031744003296,0.7694334387779236,1,30,1,0.03,'6',5,1),
(580,9,1.0000000000000000,0.6869565248489380,0.7891963124275208,1,30,1,0.03,'5',5,1),
(581,9,1.0000000000000000,0.6166008114814758,0.9117259383201599,0,30,0,0.05,'D2',6,1),
(582,9,1.0000000000000000,0.5826086997985840,0.9288537502288818,1,30,1,0.03,'1',5,1),
(583,9,1.0000000000000000,0.6031620502471924,0.9486166238784790,1,30,1,0.03,'2',5,1),
(584,9,1.0000000000000000,0.6237154006958008,0.9683794379234314,1,30,1,0.03,'3',5,1),
(585,9,1.0000000000000000,0.6086956262588501,0.8550724387168884,1,30,1,0.03,'7',5,1),
(586,9,1.0000000000000000,0.6292490363121033,0.8748353123664856,1,30,1,0.03,'6',5,1),
(587,9,1.0000000000000000,0.6498023867607117,0.8945981264114380,1,30,1,0.03,'5',5,1),
(588,9,1.0000000000000000,0.8102766871452332,0.5335968136787415,1,30,1,0.03,'4',5,1),
(589,9,1.0000000000000000,0.7723320126533508,0.6376811861991882,1,30,1,0.03,'4',5,1),
(590,9,1.0000000000000000,0.8466402888298035,0.4308300316333771,1,30,1,0.03,'4',5,1),
(591,9,1.0000000000000000,0.7343873381614685,0.7444005012512207,1,30,1,0.03,'4',5,1),
(592,9,1.0000000000000000,0.6608695387840271,0.9552041888237000,1,30,1,0.03,'4',5,1),
(593,9,1.0000000000000000,0.6980237364768982,0.8498023748397827,1,30,1,0.03,'4',5,1),
(594,9,1.0000000000000000,0.1675889343023300,0.6258234381675720,0,30,0,0.05,'A1',6,1),
(595,9,1.0000000000000000,0.1335968375205994,0.6429512500762940,1,30,1,0.03,'1',5,1),
(596,9,1.0000000000000000,0.1541502028703690,0.6627141237258911,1,30,1,0.03,'2',5,1),
(597,9,1.0000000000000000,0.1747035533189774,0.6824769377708435,1,30,1,0.03,'3',5,1),
(598,9,1.0000000000000000,0.1596837937831879,0.5691699385643005,1,30,1,0.03,'14',5,1),
(599,9,1.0000000000000000,0.1802371591329575,0.5889328122138977,1,30,1,0.03,'13',5,1),
(600,9,1.0000000000000000,0.2007905095815659,0.6086956262588501,1,30,1,0.03,'12',5,1),
(601,9,1.0000000000000000,0.2047430872917175,0.5204216241836548,0,30,0,0.05,'A2',6,1),
(602,9,1.0000000000000000,0.1707509905099869,0.5375494360923767,1,30,1,0.03,'1',5,1),
(603,9,1.0000000000000000,0.1913043409585953,0.5573122501373291,1,30,1,0.03,'2',5,1),
(604,9,1.0000000000000000,0.2118577063083649,0.5770751237869263,1,30,1,0.03,'3',5,1),
(605,9,1.0000000000000000,0.1968379467725754,0.4637681245803833,1,30,1,0.03,'14',5,1),
(606,9,1.0000000000000000,0.2173912972211838,0.4835309684276581,1,30,1,0.03,'13',5,1),
(607,9,1.0000000000000000,0.2379446625709534,0.5032938122749329,1,30,1,0.03,'12',5,1),
(608,9,1.0000000000000000,0.2418972402811050,0.4150197505950928,0,30,0,0.05,'A3',6,1),
(609,9,1.0000000000000000,0.2079051434993744,0.4321475625038147,1,30,1,0.03,'1',5,1),
(610,9,1.0000000000000000,0.2284584939479828,0.4519104063510895,1,30,1,0.03,'2',5,1),
(611,9,1.0000000000000000,0.2490118592977524,0.4716732501983643,1,30,1,0.03,'3',5,1),
(612,9,1.0000000000000000,0.2339920997619629,0.3583662807941437,1,30,1,0.03,'14',5,1),
(613,9,1.0000000000000000,0.2545454502105713,0.3781291246414185,1,30,1,0.03,'13',5,1),
(614,9,1.0000000000000000,0.2750988006591797,0.3978919684886932,1,30,1,0.03,'12',5,1),
(615,9,1.0000000000000000,0.2790513932704926,0.3096179068088531,0,30,0,0.05,'A4',6,1),
(616,9,1.0000000000000000,0.2450592815876007,0.3267457187175751,1,30,1,0.03,'1',5,1),
(617,9,1.0000000000000000,0.2656126618385315,0.3465085625648499,1,30,1,0.03,'2',5,1),
(618,9,1.0000000000000000,0.2861660122871399,0.3662714064121246,1,30,1,0.03,'3',5,1),
(619,9,1.0000000000000000,0.2711462378501892,0.2529644370079041,1,30,1,0.03,'14',5,1),
(620,9,1.0000000000000000,0.2916996181011200,0.2727272808551788,1,30,1,0.03,'13',5,1),
(621,9,1.0000000000000000,0.3122529685497284,0.2924901247024536,1,30,1,0.03,'12',5,1),
(622,9,1.0000000000000000,0.3162055313587189,0.2042160779237747,0,30,0,0.05,'A5',6,1),
(623,9,1.0000000000000000,0.2822134494781494,0.2213438749313354,1,30,1,0.03,'1',5,1),
(624,9,1.0000000000000000,0.3027667999267578,0.2411067187786102,1,30,1,0.03,'2',5,1),
(625,9,1.0000000000000000,0.3233201503753662,0.2608695626258850,1,30,1,0.03,'3',5,1),
(626,9,1.0000000000000000,0.3083004057407379,0.1475625783205032,1,30,1,0.03,'14',5,1),
(627,9,1.0000000000000000,0.3288537561893463,0.1673254221677780,1,30,1,0.03,'13',5,1),
(628,9,1.0000000000000000,0.3494071066379547,0.1870882809162140,1,30,1,0.03,'12',5,1),
(629,9,1.0000000000000000,0.3533596694469452,0.0988142266869545,0,30,0,0.05,'A6',6,1),
(630,9,1.0000000000000000,0.3193675875663757,0.1159420311450958,1,30,1,0.03,'1',5,1),
(631,9,1.0000000000000000,0.3399209380149841,0.1357048749923706,1,30,1,0.03,'2',5,1),
(632,9,1.0000000000000000,0.3604743182659149,0.1554677188396454,1,30,1,0.03,'3',5,1),
(633,9,1.0000000000000000,0.3454545438289642,0.0421607382595539,1,30,1,0.03,'14',5,1),
(634,9,1.0000000000000000,0.3660078942775726,0.0619235821068287,1,30,1,0.03,'13',5,1),
(635,9,1.0000000000000000,0.3865612745285034,0.0816864296793938,1,30,1,0.03,'12',5,1),
(636,7,1.0000000000000000,0.8367646932601929,0.7585784196853638,0,10,0,0.07,'F5',2,0),
(637,7,1.0000000000000000,0.8419117927551270,0.9044117927551270,0,30,1,0.07,'',2,0),
(638,7,1.0000000000000000,0.7996438145637512,0.8340439796447754,0,30,1,0.03,'G5',6,0),
(639,7,1.0000000000000000,0.8014247417449951,0.7918147444725037,1,30,1,0.02,'1',5,0),
(640,7,1.0000000000000000,0.8420720100402832,0.2021052688360214,0,10,1,0.10,'',4,0),
(641,7,1.0000000000000000,0.8970309495925903,0.3821052610874176,1,10,1,0.10,'l9',5,0),
(642,7,1.0000000000000000,0.9728419184684753,0.0823909565806389,0,0,1,0.07,'',5,0),
(643,35,1.0000000000000000,0.4347825944423676,0.1778656095266342,0,30,0,0.05,'A6',4,1),
(644,35,1.0000000000000000,0.3913043439388275,0.1844532340764999,1,30,1,0.03,'4',5,1),
(645,35,1.0000000000000000,0.4118576943874359,0.2042160779237747,1,30,1,0.03,'5',5,1),
(646,35,1.0000000000000000,0.4324110746383667,0.2239789217710495,1,30,1,0.03,'6',5,1),
(647,35,1.0000000000000000,0.4529644250869751,0.2437417656183243,1,30,1,0.03,'7',5,1),
(648,35,1.0000000000000000,0.4166007936000824,0.1133069843053818,1,30,1,0.03,'11',5,1),
(649,35,1.0000000000000000,0.4371541440486908,0.1330698281526566,1,30,1,0.03,'10',5,1),
(650,35,1.0000000000000000,0.4577075242996216,0.1528326719999313,1,30,1,0.03,'9',5,1),
(651,35,1.0000000000000000,0.4782608747482300,0.1725955158472061,1,30,1,0.03,'8',5,1),
(652,35,1.0000000000000000,0.3976284563541412,0.2832674682140350,0,30,0,0.05,'A5',4,1),
(653,35,1.0000000000000000,0.3541502058506012,0.2898550629615784,1,30,1,0.03,'4',5,1),
(654,35,1.0000000000000000,0.3747035562992096,0.3096179068088531,1,30,1,0.03,'5',5,1),
(655,35,1.0000000000000000,0.3952569067478180,0.3293807506561279,1,30,1,0.03,'6',5,1),
(656,35,1.0000000000000000,0.4158102869987488,0.3491436243057251,1,30,1,0.03,'7',5,1),
(657,35,1.0000000000000000,0.3794466257095337,0.2187088280916214,1,30,1,0.03,'11',5,1),
(658,35,1.0000000000000000,0.4000000059604645,0.2384716719388962,1,30,1,0.03,'10',5,1),
(659,35,1.0000000000000000,0.4205533564090729,0.2582345306873322,1,30,1,0.03,'9',5,1),
(660,35,1.0000000000000000,0.4411067068576813,0.2779973745346069,1,30,1,0.03,'8',5,1),
(661,35,1.0000000000000000,0.3604743182659149,0.3886693120002747,0,30,0,0.05,'A4',4,1),
(662,35,1.0000000000000000,0.3169960379600525,0.3952569067478180,1,30,1,0.03,'4',5,1),
(663,35,1.0000000000000000,0.3375494182109833,0.4150197505950928,1,30,1,0.03,'5',5,1),
(664,35,1.0000000000000000,0.3581027686595917,0.4347825944423676,1,30,1,0.03,'6',5,1),
(665,35,1.0000000000000000,0.3786561191082001,0.4545454680919647,1,30,1,0.03,'7',5,1),
(666,35,1.0000000000000000,0.3422924876213074,0.3241106867790222,1,30,1,0.03,'11',5,1),
(667,35,1.0000000000000000,0.3628458380699158,0.3438735306262970,1,30,1,0.03,'10',5,1),
(668,35,1.0000000000000000,0.3833992183208466,0.3636363744735718,1,30,1,0.03,'9',5,1),
(669,35,1.0000000000000000,0.4039525687694550,0.3833992183208466,1,30,1,0.03,'8',5,1),
(670,35,1.0000000000000000,0.3233201503753662,0.4940711557865143,0,30,0,0.05,'A3',4,1),
(671,35,1.0000000000000000,0.2798418998718262,0.5006587505340576,1,30,1,0.03,'4',5,1),
(672,35,1.0000000000000000,0.3003952503204346,0.5204216241836548,1,30,1,0.03,'5',5,1),
(673,35,1.0000000000000000,0.3209486305713654,0.5401844382286072,1,30,1,0.03,'6',5,1),
(674,35,1.0000000000000000,0.3415019810199738,0.5599473118782043,1,30,1,0.03,'7',5,1),
(675,35,1.0000000000000000,0.3051383495330811,0.4295125305652618,1,30,1,0.03,'11',5,1),
(676,35,1.0000000000000000,0.3256916999816895,0.4492753744125366,1,30,1,0.03,'10',5,1),
(677,35,1.0000000000000000,0.3462450504302979,0.4690382182598114,1,30,1,0.03,'9',5,1),
(678,35,1.0000000000000000,0.3667984306812286,0.4888010621070862,1,30,1,0.03,'8',5,1),
(679,35,1.0000000000000000,0.2861660122871399,0.5994729995727539,0,30,0,0.05,'A2',4,1),
(680,35,1.0000000000000000,0.2426877468824387,0.6060606241226196,1,30,1,0.03,'4',5,1),
(681,35,1.0000000000000000,0.2632411122322083,0.6258234381675720,1,30,1,0.03,'5',5,1),
(682,35,1.0000000000000000,0.2837944626808167,0.6455863118171692,1,30,1,0.03,'6',5,1),
(683,35,1.0000000000000000,0.3043478131294250,0.6653491258621216,1,30,1,0.03,'7',5,1),
(684,35,1.0000000000000000,0.2679841816425323,0.5349143743515015,1,30,1,0.03,'11',5,1),
(685,35,1.0000000000000000,0.2885375618934631,0.5546771883964539,1,30,1,0.03,'10',5,1),
(686,35,1.0000000000000000,0.3090909123420715,0.5744400620460510,1,30,1,0.03,'9',5,1),
(687,35,1.0000000000000000,0.3296442627906799,0.5942028760910034,1,30,1,0.03,'8',5,1),
(688,35,1.0000000000000000,0.2490118592977524,0.7048748135566711,0,30,0,0.05,'A1',4,1),
(689,35,1.0000000000000000,0.2055335938930511,0.7114624381065369,1,30,1,0.03,'1',5,1),
(690,35,1.0000000000000000,0.2260869592428207,0.7312253117561340,1,30,1,0.03,'2',5,1),
(691,35,1.0000000000000000,0.2466403096914291,0.7509881258010864,1,30,1,0.03,'3',5,1),
(692,35,1.0000000000000000,0.2671936750411987,0.7707509994506836,1,30,1,0.03,'4',5,1),
(693,35,1.0000000000000000,0.2308300435543060,0.6403161883354187,1,30,1,0.03,'8',5,1),
(694,35,1.0000000000000000,0.2513833940029144,0.6600790619850159,1,30,1,0.03,'7',5,1),
(695,35,1.0000000000000000,0.2719367444515228,0.6798418760299683,1,30,1,0.03,'6',5,1),
(696,35,1.0000000000000000,0.2924901247024536,0.6996047496795654,1,30,1,0.03,'5',5,1),
(697,35,1.0000000000000000,0.4806324243545532,0.0803689062595367,0,30,0,0.05,'A7',6,1),
(698,35,1.0000000000000000,0.4505928754806519,0.1001317501068115,1,30,1,0.03,'1',5,1),
(699,35,1.0000000000000000,0.4703557193279266,0.1198946014046669,1,30,1,0.03,'2',5,1),
(700,35,1.0000000000000000,0.4909090995788574,0.1383399218320847,1,30,1,0.03,'3',5,1),
(701,35,1.0000000000000000,0.4782608747482300,0.0316205546259880,1,30,1,0.03,'6',5,1),
(702,35,1.0000000000000000,0.4964426755905151,0.0500658750534058,1,30,1,0.03,'5',5,1),
(703,35,1.0000000000000000,0.5162055492401123,0.0685111954808235,1,30,1,0.03,'4',5,1),
(704,35,1.0000000000000000,0.5454545617103577,0.2832674682140350,0,30,0,0.05,'B6',4,1),
(705,35,1.0000000000000000,0.5019763112068176,0.2898550629615784,1,30,1,0.03,'1',5,1),
(706,35,1.0000000000000000,0.5225296616554260,0.3096179068088531,1,30,1,0.03,'2',5,1),
(707,35,1.0000000000000000,0.5430830121040344,0.3293807506561279,1,30,1,0.03,'3',5,1),
(708,35,1.0000000000000000,0.5636363625526428,0.3491436243057251,1,30,1,0.03,'4',5,1),
(709,35,1.0000000000000000,0.5272727012634277,0.2187088280916214,1,30,1,0.03,'8',5,1),
(710,35,1.0000000000000000,0.5478261113166809,0.2384716719388962,1,30,1,0.03,'7',5,1),
(711,35,1.0000000000000000,0.5683794617652893,0.2582345306873322,1,30,1,0.03,'6',5,1),
(712,35,1.0000000000000000,0.5889328122138977,0.2779973745346069,1,30,1,0.03,'5',5,1),
(713,35,1.0000000000000000,0.5083004236221313,0.3886693120002747,0,30,0,0.05,'B5',4,1),
(714,35,1.0000000000000000,0.4650960564613342,0.3952569067478180,1,30,1,0.03,'1',5,1),
(715,35,1.0000000000000000,0.4856656789779663,0.4150197505950928,1,30,1,0.03,'2',5,1),
(716,35,1.0000000000000000,0.5062353014945984,0.4347825944423676,1,30,1,0.03,'3',5,1),
(717,35,1.0000000000000000,0.5268049240112305,0.4545454680919647,1,30,1,0.03,'4',5,1),
(718,35,1.0000000000000000,0.4904125034809113,0.3241106867790222,1,30,1,0.03,'8',5,1),
(719,35,1.0000000000000000,0.5109821557998657,0.3438735306262970,1,30,1,0.03,'7',5,1),
(720,35,1.0000000000000000,0.5315517783164978,0.3636363744735718,1,30,1,0.03,'6',5,1),
(721,35,1.0000000000000000,0.5521214008331299,0.3833992183208466,1,30,1,0.03,'5',5,1),
(722,35,1.0000000000000000,0.4711462557315826,0.4940711557865143,0,30,0,0.05,'B4',4,1),
(723,35,1.0000000000000000,0.4276679754257202,0.5006587505340576,1,30,1,0.03,'1',5,1),
(724,35,1.0000000000000000,0.4482213556766510,0.5204216241836548,1,30,1,0.03,'2',5,1),
(725,35,1.0000000000000000,0.4687747061252594,0.5401844382286072,1,30,1,0.03,'3',5,1),
(726,35,1.0000000000000000,0.4893280565738678,0.5599473118782043,1,30,1,0.03,'4',5,1),
(727,35,1.0000000000000000,0.4529644250869751,0.4295125305652618,1,30,1,0.03,'8',5,1),
(728,35,1.0000000000000000,0.4735177755355835,0.4492753744125366,1,30,1,0.03,'7',5,1),
(729,35,1.0000000000000000,0.4940711557865143,0.4690382182598114,1,30,1,0.03,'6',5,1),
(730,35,1.0000000000000000,0.5146244764328003,0.4888010621070862,1,30,1,0.03,'5',5,1),
(731,35,1.0000000000000000,0.4339920878410339,0.5994729995727539,0,30,0,0.05,'B3',4,1),
(732,35,1.0000000000000000,0.3905138373374939,0.6060606241226196,1,30,1,0.03,'1',5,1),
(733,35,1.0000000000000000,0.4110671877861023,0.6258234381675720,1,30,1,0.03,'2',5,1),
(734,35,1.0000000000000000,0.4316205680370331,0.6455863118171692,1,30,1,0.03,'3',5,1),
(735,35,1.0000000000000000,0.4521739184856415,0.6653491258621216,1,30,1,0.03,'4',5,1),
(736,35,1.0000000000000000,0.4158102869987488,0.5349143743515015,1,30,1,0.03,'8',5,1),
(737,35,1.0000000000000000,0.4363636374473572,0.5546771883964539,1,30,1,0.03,'7',5,1),
(738,35,1.0000000000000000,0.4569169878959656,0.5744400620460510,1,30,1,0.03,'6',5,1),
(739,35,1.0000000000000000,0.4774703681468964,0.5942028760910034,1,30,1,0.03,'5',5,1),
(740,35,1.0000000000000000,0.3968379497528076,0.7048748135566711,0,30,0,0.05,'B2',4,1),
(741,35,1.0000000000000000,0.3533596694469452,0.7114624381065369,1,30,1,0.03,'1',5,1),
(742,35,1.0000000000000000,0.3739130496978760,0.7312253117561340,1,30,1,0.03,'2',5,1),
(743,35,1.0000000000000000,0.3944664001464844,0.7509881258010864,1,30,1,0.03,'3',5,1),
(744,35,1.0000000000000000,0.4150197505950928,0.7707509994506836,1,30,1,0.03,'4',5,1),
(745,35,1.0000000000000000,0.3786561191082001,0.6403161883354187,1,30,1,0.03,'8',5,1),
(746,35,1.0000000000000000,0.3992094993591309,0.6600790619850159,1,30,1,0.03,'7',5,1),
(747,35,1.0000000000000000,0.4197628498077393,0.6798418760299683,1,30,1,0.03,'6',5,1),
(748,35,1.0000000000000000,0.4403162002563477,0.6996047496795654,1,30,1,0.03,'5',5,1),
(749,35,1.0000000000000000,0.3596837818622589,0.8102766871452332,0,30,0,0.05,'B1',4,1),
(750,35,1.0000000000000000,0.3162055313587189,0.8168643116950989,1,30,1,0.03,'1',5,1),
(751,35,1.0000000000000000,0.3367588818073273,0.8366271257400513,1,30,1,0.03,'2',5,1),
(752,35,1.0000000000000000,0.3573122620582581,0.8563899993896484,1,30,1,0.03,'3',5,1),
(753,35,1.0000000000000000,0.3778656125068665,0.8761528134346008,1,30,1,0.03,'4',5,1),
(754,35,1.0000000000000000,0.3415019810199738,0.7457180619239807,1,30,1,0.03,'8',5,1),
(755,35,1.0000000000000000,0.3620553314685822,0.7654808759689331,1,30,1,0.03,'7',5,1),
(756,35,1.0000000000000000,0.3826086819171906,0.7852437496185303,1,30,1,0.03,'6',5,1),
(757,35,1.0000000000000000,0.4031620621681213,0.8050065636634827,1,30,1,0.03,'5',5,1),
(758,35,1.0000000000000000,0.6955969333648682,0.2859025001525879,0,30,0,0.05,'C6',4,1),
(759,35,1.0000000000000000,0.6513833999633789,0.2924901247024536,1,30,1,0.03,'1',5,1),
(760,35,1.0000000000000000,0.6719367504119873,0.3122529685497284,1,30,1,0.03,'2',5,1),
(761,35,1.0000000000000000,0.6924901008605957,0.3320158123970032,1,30,1,0.03,'3',5,1),
(762,35,1.0000000000000000,0.7130434513092041,0.3517786562442780,1,30,1,0.03,'4',5,1),
(763,35,1.0000000000000000,0.6766798496246338,0.2213438749313354,1,30,1,0.03,'8',5,1),
(764,35,1.0000000000000000,0.6972332000732422,0.2411067187786102,1,30,1,0.03,'7',5,1),
(765,35,1.0000000000000000,0.7177865505218506,0.2608695626258850,1,30,1,0.03,'6',5,1),
(766,35,1.0000000000000000,0.7383399009704590,0.2806324064731598,1,30,1,0.03,'5',5,1),
(767,35,1.0000000000000000,0.6577075123786926,0.3913043439388275,0,30,0,0.05,'C5',4,1),
(768,35,1.0000000000000000,0.6142292618751526,0.3978919684886932,1,30,1,0.03,'1',5,1),
(769,35,1.0000000000000000,0.6347826123237610,0.4176548123359680,1,30,1,0.03,'2',5,1),
(770,35,1.0000000000000000,0.6553359627723694,0.4374176561832428,1,30,1,0.03,'3',5,1),
(771,35,1.0000000000000000,0.6758893132209778,0.4571805000305176,1,30,1,0.03,'4',5,1),
(772,35,1.0000000000000000,0.6395257115364075,0.3267457187175751,1,30,1,0.03,'8',5,1),
(773,35,1.0000000000000000,0.6600790619850159,0.3465085625648499,1,30,1,0.03,'7',5,1),
(774,35,1.0000000000000000,0.6806324124336243,0.3662714064121246,1,30,1,0.03,'6',5,1),
(775,35,1.0000000000000000,0.7011857628822327,0.3860342502593994,1,30,1,0.03,'5',5,1),
(776,35,1.0000000000000000,0.6205533742904663,0.4967061877250671,0,30,0,0.05,'C4',4,1),
(777,35,1.0000000000000000,0.5770751237869263,0.5032938122749329,1,30,1,0.03,'1',5,1),
(778,35,1.0000000000000000,0.5976284742355347,0.5230566263198853,1,30,1,0.03,'2',5,1),
(779,35,1.0000000000000000,0.6181818246841431,0.5428194999694824,1,30,1,0.03,'3',5,1),
(780,35,1.0000000000000000,0.6387351751327515,0.5625823736190796,1,30,1,0.03,'4',5,1),
(781,35,1.0000000000000000,0.6023715138435364,0.4321475625038147,1,30,1,0.03,'8',5,1),
(782,35,1.0000000000000000,0.6229249238967896,0.4519104063510895,1,30,1,0.03,'7',5,1),
(783,35,1.0000000000000000,0.6434782743453980,0.4716732501983643,1,30,1,0.03,'6',5,1),
(784,35,1.0000000000000000,0.6640316247940063,0.4914360940456390,1,30,1,0.03,'5',5,1),
(785,35,1.0000000000000000,0.5833992362022400,0.6021080613136292,0,30,0,0.05,'C3',4,1),
(786,35,1.0000000000000000,0.5399209260940552,0.6086956262588501,1,30,1,0.03,'1',5,1),
(787,35,1.0000000000000000,0.5604743361473083,0.6284584999084473,1,30,1,0.03,'2',5,1),
(788,35,1.0000000000000000,0.5810276865959167,0.6482213735580444,1,30,1,0.03,'3',5,1),
(789,35,1.0000000000000000,0.6015810370445251,0.6679841876029968,1,30,1,0.03,'4',5,1),
(790,35,1.0000000000000000,0.5652173757553101,0.5375494360923767,1,30,1,0.03,'8',5,1),
(791,35,1.0000000000000000,0.5857707262039185,0.5573122501373291,1,30,1,0.03,'7',5,1),
(792,35,1.0000000000000000,0.6063241362571716,0.5770751237869263,1,30,1,0.03,'6',5,1),
(793,35,1.0000000000000000,0.6268774867057800,0.5968379378318787,1,30,1,0.03,'5',5,1),
(794,35,1.0000000000000000,0.5462450385093689,0.7075098752975464,0,30,0,0.05,'C2',4,1),
(795,35,1.0000000000000000,0.5027667880058289,0.7140974998474121,1,30,1,0.03,'1',5,1),
(796,35,1.0000000000000000,0.5233201384544373,0.7338603138923645,1,30,1,0.03,'2',5,1),
(797,35,1.0000000000000000,0.5438734889030457,0.7536231875419617,1,30,1,0.03,'3',5,1),
(798,35,1.0000000000000000,0.5644268989562988,0.7733860611915588,1,30,1,0.03,'4',5,1),
(799,35,1.0000000000000000,0.5280632376670837,0.6429512500762940,1,30,1,0.03,'8',5,1),
(800,35,1.0000000000000000,0.5486165881156921,0.6627141237258911,1,30,1,0.03,'7',5,1),
(801,35,1.0000000000000000,0.5691699385643005,0.6824769377708435,1,30,1,0.03,'6',5,1),
(802,35,1.0000000000000000,0.5897233486175537,0.7022398114204407,1,30,1,0.03,'5',5,1),
(803,35,1.0000000000000000,0.5090909004211426,0.8129117488861084,0,30,0,0.05,'C1',4,1),
(804,35,1.0000000000000000,0.4656126499176025,0.8194993138313293,1,30,1,0.03,'1',5,1),
(805,35,1.0000000000000000,0.4861660003662109,0.8392621874809265,1,30,1,0.03,'2',5,1),
(806,35,1.0000000000000000,0.5067193508148193,0.8590250611305237,1,30,1,0.03,'3',5,1),
(807,35,1.0000000000000000,0.5272727012634277,0.8787878751754761,1,30,1,0.03,'4',5,1),
(808,35,1.0000000000000000,0.4909090995788574,0.7483531236648560,1,30,1,0.03,'8',5,1),
(809,35,1.0000000000000000,0.5114624500274658,0.7681159377098083,1,30,1,0.03,'7',5,1),
(810,35,1.0000000000000000,0.5320158004760742,0.7878788113594055,1,30,1,0.03,'6',5,1),
(811,35,1.0000000000000000,0.5525691509246826,0.8076416254043579,1,30,1,0.03,'5',5,1),
(812,35,1.0000000000000000,0.8023715615272522,0.3847167193889618,0,30,0,0.05,'D7',6,1),
(813,35,1.0000000000000000,0.7683794498443604,0.4018445312976837,1,30,1,0.03,'1',5,1),
(814,35,1.0000000000000000,0.7889328002929688,0.4216073751449585,1,30,1,0.03,'2',5,1),
(815,35,1.0000000000000000,0.8094861507415771,0.4413702189922333,1,30,1,0.03,'3',5,1),
(816,35,1.0000000000000000,0.7944663763046265,0.3280632495880127,1,30,1,0.03,'7',5,1),
(817,35,1.0000000000000000,0.8150197863578796,0.3478260934352875,1,30,1,0.03,'6',5,1),
(818,35,1.0000000000000000,0.8355731368064880,0.3675889372825623,1,30,1,0.03,'5',5,1),
(819,35,1.0000000000000000,0.7652173638343811,0.4901185631752014,0,30,0,0.05,'D6',6,1),
(820,35,1.0000000000000000,0.7312253117561340,0.5072463750839233,1,30,1,0.03,'1',5,1),
(821,35,1.0000000000000000,0.7517786622047424,0.5270092487335205,1,30,1,0.03,'2',5,1),
(822,35,1.0000000000000000,0.7723320126533508,0.5467720627784729,1,30,1,0.03,'3',5,1),
(823,35,1.0000000000000000,0.7573122382164001,0.4334650933742523,1,30,1,0.03,'7',5,1),
(824,35,1.0000000000000000,0.7778655886650085,0.4516097605228424,1,30,1,0.03,'6',5,1),
(825,35,1.0000000000000000,0.7984189987182617,0.4729907810688019,1,30,1,0.03,'5',5,1),
(826,35,1.0000000000000000,0.7280632257461548,0.5955204367637634,0,30,0,0.05,'D5',6,1),
(827,35,1.0000000000000000,0.6940711736679077,0.6126482486724854,1,30,1,0.03,'1',5,1),
(828,35,1.0000000000000000,0.7146245241165161,0.6324110627174377,1,30,1,0.03,'2',5,1),
(829,35,1.0000000000000000,0.7351778745651245,0.6521739363670349,1,30,1,0.03,'3',5,1),
(830,35,1.0000000000000000,0.7201581001281738,0.5388669371604919,1,30,1,0.03,'7',5,1),
(831,35,1.0000000000000000,0.7407114505767822,0.5586297512054443,1,30,1,0.03,'6',5,1),
(832,35,1.0000000000000000,0.7612648010253906,0.5783926248550415,1,30,1,0.03,'5',5,1),
(833,35,1.0000000000000000,0.6909090876579285,0.7009222507476807,0,30,0,0.05,'D4',6,1),
(834,35,1.0000000000000000,0.6569169759750366,0.7180500626564026,1,30,1,0.03,'1',5,1),
(835,35,1.0000000000000000,0.6774703264236450,0.7378129363059998,1,30,1,0.03,'2',5,1),
(836,35,1.0000000000000000,0.6980237364768982,0.7575757503509521,1,30,1,0.03,'3',5,1),
(837,35,1.0000000000000000,0.6830039620399475,0.6442687511444092,1,30,1,0.03,'7',5,1),
(838,35,1.0000000000000000,0.7035573124885559,0.6640316247940063,1,30,1,0.03,'6',5,1),
(839,35,1.0000000000000000,0.7241106629371643,0.6837944388389587,1,30,1,0.03,'5',5,1),
(840,35,1.0000000000000000,0.6537549495697021,0.8063241243362427,0,30,0,0.05,'D3',6,1),
(841,35,1.0000000000000000,0.6197628378868103,0.8234519362449646,1,30,1,0.03,'1',5,1),
(842,35,1.0000000000000000,0.6403161883354187,0.8432147502899170,1,30,1,0.03,'2',5,1),
(843,35,1.0000000000000000,0.6608695387840271,0.8629776239395142,1,30,1,0.03,'3',5,1),
(844,35,1.0000000000000000,0.6458498239517212,0.7496706247329712,1,30,1,0.03,'7',5,1),
(845,35,1.0000000000000000,0.6664031744003296,0.7694334387779236,1,30,1,0.03,'6',5,1),
(846,35,1.0000000000000000,0.6869565248489380,0.7891963124275208,1,30,1,0.03,'5',5,1),
(847,35,1.0000000000000000,0.6166008114814758,0.9117259383201599,0,30,0,0.05,'D2',6,1),
(848,35,1.0000000000000000,0.5826086997985840,0.9288537502288818,1,30,1,0.03,'1',5,1),
(849,35,1.0000000000000000,0.6031620502471924,0.9486166238784790,1,30,1,0.03,'2',5,1),
(850,35,1.0000000000000000,0.6237154006958008,0.9683794379234314,1,30,1,0.03,'3',5,1),
(851,35,1.0000000000000000,0.6086956262588501,0.8550724387168884,1,30,1,0.03,'7',5,1),
(852,35,1.0000000000000000,0.6292490363121033,0.8748353123664856,1,30,1,0.03,'6',5,1),
(853,35,1.0000000000000000,0.6498023867607117,0.8945981264114380,1,30,1,0.03,'5',5,1),
(854,35,1.0000000000000000,0.8102766871452332,0.5335968136787415,1,30,1,0.03,'4',5,1),
(855,35,1.0000000000000000,0.7723320126533508,0.6376811861991882,1,30,1,0.03,'4',5,1),
(856,35,1.0000000000000000,0.8466402888298035,0.4308300316333771,1,30,1,0.03,'4',5,1),
(857,35,1.0000000000000000,0.7343873381614685,0.7444005012512207,1,30,1,0.03,'4',5,1),
(858,35,1.0000000000000000,0.6980237364768982,0.8498023748397827,1,30,1,0.03,'4',5,1),
(859,35,1.0000000000000000,0.1675889343023300,0.6258234381675720,0,30,0,0.05,'A1',6,1),
(860,35,1.0000000000000000,0.1335968375205994,0.6429512500762940,1,30,1,0.03,'1',5,1),
(861,35,1.0000000000000000,0.1541502028703690,0.6627141237258911,1,30,1,0.03,'2',5,1),
(862,35,1.0000000000000000,0.1747035533189774,0.6824769377708435,1,30,1,0.03,'3',5,1),
(863,35,1.0000000000000000,0.1596837937831879,0.5691699385643005,1,30,1,0.03,'14',5,1),
(864,35,1.0000000000000000,0.1802371591329575,0.5889328122138977,1,30,1,0.03,'13',5,1),
(865,35,1.0000000000000000,0.2007905095815659,0.6086956262588501,1,30,1,0.03,'12',5,1),
(866,35,1.0000000000000000,0.2047430872917175,0.5204216241836548,0,30,0,0.05,'A2',6,1),
(867,35,1.0000000000000000,0.1707509905099869,0.5375494360923767,1,30,1,0.03,'1',5,1),
(868,35,1.0000000000000000,0.1913043409585953,0.5573122501373291,1,30,1,0.03,'2',5,1),
(869,35,1.0000000000000000,0.2118577063083649,0.5770751237869263,1,30,1,0.03,'3',5,1),
(870,35,1.0000000000000000,0.1968379467725754,0.4637681245803833,1,30,1,0.03,'14',5,1),
(871,35,1.0000000000000000,0.2173912972211838,0.4835309684276581,1,30,1,0.03,'13',5,1),
(872,35,1.0000000000000000,0.2379446625709534,0.5032938122749329,1,30,1,0.03,'12',5,1),
(873,35,1.0000000000000000,0.2418972402811050,0.4150197505950928,0,30,0,0.05,'A3',6,1),
(874,35,1.0000000000000000,0.2079051434993744,0.4321475625038147,1,30,1,0.03,'1',5,1),
(875,35,1.0000000000000000,0.2284584939479828,0.4519104063510895,1,30,1,0.03,'2',5,1),
(876,35,1.0000000000000000,0.2490118592977524,0.4716732501983643,1,30,1,0.03,'3',5,1),
(877,35,1.0000000000000000,0.2339920997619629,0.3583662807941437,1,30,1,0.03,'14',5,1),
(878,35,1.0000000000000000,0.2545454502105713,0.3781291246414185,1,30,1,0.03,'13',5,1),
(879,35,1.0000000000000000,0.2750988006591797,0.3978919684886932,1,30,1,0.03,'12',5,1),
(880,35,1.0000000000000000,0.2790513932704926,0.3096179068088531,0,30,0,0.05,'A4',6,1),
(881,35,1.0000000000000000,0.2450592815876007,0.3267457187175751,1,30,1,0.03,'1',5,1),
(882,35,1.0000000000000000,0.2656126618385315,0.3465085625648499,1,30,1,0.03,'2',5,1),
(883,35,1.0000000000000000,0.2861660122871399,0.3662714064121246,1,30,1,0.03,'3',5,1),
(884,35,1.0000000000000000,0.2711462378501892,0.2529644370079041,1,30,1,0.03,'14',5,1),
(885,35,1.0000000000000000,0.2916996181011200,0.2727272808551788,1,30,1,0.03,'13',5,1),
(886,35,1.0000000000000000,0.3122529685497284,0.2924901247024536,1,30,1,0.03,'12',5,1),
(887,35,1.0000000000000000,0.3162055313587189,0.2042160779237747,0,30,0,0.05,'A5',6,1),
(888,35,1.0000000000000000,0.2822134494781494,0.2213438749313354,1,30,1,0.03,'1',5,1),
(889,35,1.0000000000000000,0.3027667999267578,0.2411067187786102,1,30,1,0.03,'2',5,1),
(890,35,1.0000000000000000,0.3233201503753662,0.2608695626258850,1,30,1,0.03,'3',5,1),
(891,35,1.0000000000000000,0.3083004057407379,0.1475625783205032,1,30,1,0.03,'14',5,1),
(892,35,1.0000000000000000,0.3288537561893463,0.1673254221677780,1,30,1,0.03,'13',5,1),
(893,35,1.0000000000000000,0.3494071066379547,0.1870882809162140,1,30,1,0.03,'12',5,1),
(894,35,1.0000000000000000,0.3533596694469452,0.0988142266869545,0,30,0,0.05,'A6',6,1),
(895,35,1.0000000000000000,0.3193675875663757,0.1159420311450958,1,30,1,0.03,'1',5,1),
(896,35,1.0000000000000000,0.3399209380149841,0.1357048749923706,1,30,1,0.03,'2',5,1),
(897,35,1.0000000000000000,0.3604743182659149,0.1554677188396454,1,30,1,0.03,'3',5,1),
(898,35,1.0000000000000000,0.3454545438289642,0.0421607382595539,1,30,1,0.03,'14',5,1),
(899,35,1.0000000000000000,0.3660078942775726,0.0619235821068287,1,30,1,0.03,'13',5,1),
(900,35,1.0000000000000000,0.3865612745285034,0.0816864296793938,1,30,1,0.03,'12',5,1),
(1154,33,1.0000000000000000,0.4422890543937683,0.5428109765052795,0,0,1,0.10,'',1,1),
(1155,33,1.0000000000000000,0.6275460720062256,0.2956381142139435,0,0,1,0.10,'',1,1),
(1156,33,1.0000000000000000,0.4422890543937683,0.5428109765052795,0,0,1,0.10,'',1,1),
(1157,33,1.0000000000000000,0.6275460720062256,0.2956381142139435,0,0,1,0.10,'',1,1),
(1158,39,1.0000000000000000,0.3727272748947144,0.4065656661987305,0,0,1,0.10,'',1,1),
(1159,39,1.0000000000000000,0.2409090846776962,0.3560605943202972,0,0,1,0.10,'',1,1),
(1160,39,1.0000000000000000,0.0950533449649811,0.1663974225521088,0,0,1,0.10,'Escenario',8,1),
(1161,33,1.0000000000000000,0.7907173037528992,0.6849507689476013,0,130,0,0.10,'escenario',4,1),
(1162,9,1.0000000000000000,0.1940928250551224,0.2967651188373566,0,120,1,0.10,'escenario',4,1);

/*Table structure for table `administracion_evento_detalle` */

DROP TABLE IF EXISTS `administracion_evento_detalle`;

CREATE TABLE `administracion_evento_detalle` (
  `id` int(11) NOT NULL AUTO_INCREMENT,
  `dia` tinyint(1) DEFAULT NULL,
  `hora_inicio` time DEFAULT NULL,
  `hora_fin` time DEFAULT NULL,
  `capacidad` varchar(45) DEFAULT NULL,
  `estatus` tinyint(1) DEFAULT '1',
  `id_evento` int(11) NOT NULL,
  `fecha_inicio` date DEFAULT NULL,
  `fecha_fin` date DEFAULT NULL,
  PRIMARY KEY (`id`),
  KEY `fk_administracion_evento_detalle__evento_idx` (`id_evento`),
  CONSTRAINT `fk_administracion_evento_detalle__evento` FOREIGN KEY (`id_evento`) REFERENCES `administracion_eventos` (`id`) ON DELETE NO ACTION ON UPDATE NO ACTION
) ENGINE=InnoDB AUTO_INCREMENT=60 DEFAULT CHARSET=utf8;

/*Data for the table `administracion_evento_detalle` */

insert  into `administracion_evento_detalle`(`id`,`dia`,`hora_inicio`,`hora_fin`,`capacidad`,`estatus`,`id_evento`,`fecha_inicio`,`fecha_fin`) values 
(1,3,'18:00:00','03:00:00','30',0,1,'2017-03-17','2017-04-30'),
(2,1,'18:00:00','19:00:00','30',1,3,'2017-03-17','2099-01-01'),
(3,2,'18:00:00','19:00:00','30',1,3,'2017-03-17','2099-01-01'),
(4,3,'18:00:00','19:00:00','30',1,3,'2017-03-17','2099-01-01'),
(5,4,'18:00:00','19:00:00','30',1,3,'2017-03-17','2099-01-01'),
(6,5,'18:00:00','19:00:00','30',1,3,'2017-03-17','2099-01-01'),
(7,6,'18:00:00','19:00:00','30',1,3,'2017-03-17','2099-01-01'),
(8,1,'18:00:00','19:00:00','30',1,3,'2017-03-17','2099-01-01'),
(9,1,'19:00:00','20:00:00','30',1,3,'2017-03-17','2099-01-01'),
(10,2,'19:00:00','20:00:00','30',1,3,'2017-03-17','2099-01-01'),
(11,3,'19:00:00','20:00:00','30',1,3,'2017-03-17','2099-01-01'),
(12,4,'19:00:00','20:00:00','30',1,3,'2017-03-17','2099-01-01'),
(13,5,'19:00:00','20:00:00','30',1,3,'2017-03-17','2099-01-01'),
(14,6,'19:00:00','20:00:00','30',1,3,'2017-03-17','2099-01-01'),
(15,5,'19:00:00','20:00:00','30',1,3,'2017-03-17','2099-01-01'),
(16,1,'20:00:00','21:00:00','40',1,3,'2017-03-17','2099-01-01'),
(17,2,'20:00:00','21:00:00','40',1,3,'2017-03-17','2099-01-01'),
(18,3,'20:00:00','21:00:00','40',1,3,'2017-03-17','2099-01-01'),
(19,4,'20:00:00','21:00:00','40',1,3,'2017-03-17','2099-01-01'),
(20,5,'20:00:00','21:00:00','40',1,3,'2017-03-17','2099-01-01'),
(21,6,'20:00:00','21:00:00','40',1,3,'2017-03-17','2099-01-01'),
(22,1,'20:00:00','21:00:00','40',1,3,'2017-03-17','2099-01-01'),
(23,1,'18:00:00','21:00:00','0',1,4,'2017-11-12','2017-11-12'),
(24,1,'18:00:00','21:00:00','0',1,4,'2017-12-11','2017-12-11'),
(25,1,'18:00:00','21:00:00','0',1,4,'2018-01-08','2018-01-08'),
(26,1,'18:00:00','21:00:00','0',1,4,'2018-02-12','2018-02-12'),
(27,1,'18:00:00','21:00:00','0',1,4,'2018-03-12','2018-03-12'),
(28,3,'18:00:00','03:00:00','30',0,1,'2017-04-06','2017-04-06'),
(29,3,'18:00:00','03:00:00','200',0,1,'2017-04-04','2017-04-04'),
(30,3,'18:00:00','03:00:00','30',0,1,'2017-04-06','2017-04-06'),
(31,3,'18:00:00','03:00:00','30',0,1,'2017-03-17','2017-04-30'),
(32,3,'18:00:00','03:00:00','30',0,1,'2017-04-06','2017-04-06'),
(33,3,'18:00:00','03:00:00','200',0,1,'2017-04-04','2017-04-04'),
(34,3,'18:00:00','03:00:00','30',0,1,'2017-04-06','2017-04-06'),
(35,6,'19:00:00','12:00:00','200',0,1,'2017-04-04','2017-04-21'),
(36,6,'19:00:00','12:00:00','200',0,1,'2017-04-04','2017-04-21'),
(37,6,'19:00:00','12:00:00','200',0,1,'2017-04-04','2017-04-21'),
(38,6,'19:00:00','12:00:00','200',0,1,'2017-04-04','2017-04-21'),
(39,6,'19:00:00','12:00:00','200',0,1,'2017-04-04','2017-04-21'),
(44,7,'07:00:00','02:00:00','500',0,1,'2017-04-15','2017-04-15'),
(45,3,'07:00:00','02:00:00','500',0,1,'2017-04-11','2017-04-30'),
(46,2,'19:00:00','00:01:00','200',0,1,'2017-04-24','2017-04-29'),
(47,2,'19:00:00','12:05:00','0',0,12,'2017-04-24','2017-04-24'),
(48,2,'19:00:00','12:05:00','0',0,12,'2017-04-24','2017-04-24'),
(49,6,'19:00:00','21:30:00','0',0,1,'2017-05-05','2017-05-26'),
(50,6,'19:00:00','21:30:00','0',0,1,'2017-05-11','2017-06-30'),
(51,2,'06:00:00','06:00:00','20',1,13,'2017-05-29','2017-07-21'),
(52,4,'19:00:00','21:30:00','0',1,1,'2017-06-14','2017-07-26'),
(53,3,'19:00:00','21:30:00','0',1,1,'2017-06-14','2017-07-25'),
(54,6,'19:00:00','21:30:00','0',1,14,'2017-06-16','2017-07-28'),
(55,5,'19:00:00','21:30:00','0',1,1,'2017-06-15','2017-07-27'),
(56,2,'10:10:00','10:10:00','35',1,15,'2017-06-29','2017-06-29'),
(57,2,'19:00:00','19:30:00','0',1,1,'2017-06-19','2017-07-24'),
(58,7,'19:00:00','19:30:00','0',1,1,'2017-06-24','2017-07-22'),
(59,1,'19:00:00','19:30:00','0',1,1,'2017-06-24','2017-07-22');

/*Table structure for table `administracion_eventos` */

DROP TABLE IF EXISTS `administracion_eventos`;

CREATE TABLE `administracion_eventos` (
  `id` int(11) NOT NULL AUTO_INCREMENT,
  `nombre` varchar(100) DEFAULT NULL,
  `fecha_inicio` date DEFAULT NULL,
  `fecha_fin` date DEFAULT NULL,
  `id_tipo` int(11) NOT NULL,
  `estatus` tinyint(1) DEFAULT '1',
  `hora_inicio` time DEFAULT NULL,
  `hora_fin` time DEFAULT NULL,
  `costo` float(10,2) DEFAULT NULL,
  `costo_menores` float(10,2) DEFAULT NULL,
  `asiento_seleccionable` tinyint(1) DEFAULT NULL,
  `privado` tinyint(1) DEFAULT '0',
  PRIMARY KEY (`id`),
  KEY `fk_administracion_eventos_administracion_tipo_eventos1_idx` (`id_tipo`),
  CONSTRAINT `fk_administracion_eventos_administracion_tipo_eventos1` FOREIGN KEY (`id_tipo`) REFERENCES `administracion_tipo_eventos` (`id`) ON DELETE NO ACTION ON UPDATE NO ACTION
) ENGINE=InnoDB AUTO_INCREMENT=23 DEFAULT CHARSET=utf8;

/*Data for the table `administracion_eventos` */

insert  into `administracion_eventos`(`id`,`nombre`,`fecha_inicio`,`fecha_fin`,`id_tipo`,`estatus`,`hora_inicio`,`hora_fin`,`costo`,`costo_menores`,`asiento_seleccionable`,`privado`) values 
(1,'Noche Tema','2017-04-04','2017-12-31',5,1,'18:00:00','03:00:00',330.00,195.00,1,0),
(3,'Italiano','2017-03-17','2099-01-01',5,2,'18:00:00','21:00:00',0.00,0.00,0,0),
(4,'Comedy Club','2017-11-12','2018-03-12',6,1,'18:00:00','21:00:00',600.00,600.00,1,0),
(12,'Boda','2017-04-24','2017-04-24',7,1,NULL,NULL,0.00,0.00,NULL,0),
(13,'Noche Mexicana 1','2017-05-29','2017-09-28',5,2,NULL,NULL,200.00,200.00,NULL,0),
(14,'Noche Mexicana','2017-03-05','2018-01-01',5,1,NULL,NULL,390.00,195.00,1,0),
(15,'Prueba','2017-06-29','2017-06-29',5,2,NULL,NULL,100.00,100.00,NULL,0),
(16,'Prueba','2017-06-14','2017-06-14',6,2,NULL,NULL,34.00,345.00,NULL,0),
(17,'Prueba','2017-06-14','2017-06-14',8,2,NULL,NULL,100.00,100.00,NULL,0),
(18,'Prueba','2017-06-14','2017-06-14',6,2,NULL,NULL,23.00,14234.00,NULL,0),
(19,'Prueba','2017-06-14','2017-06-14',6,2,NULL,NULL,100.00,100.00,NULL,0),
(20,'Prueba','2017-06-14','2017-06-14',5,2,NULL,NULL,100.00,100.00,NULL,0),
(21,'Prueba','2017-06-14','2017-06-14',7,2,NULL,NULL,100.00,10.00,NULL,0),
(22,'Prueba','2017-06-14','2017-06-14',7,1,NULL,NULL,10.00,10.00,NULL,0);

/*Table structure for table `administracion_mobiliario` */

DROP TABLE IF EXISTS `administracion_mobiliario`;

CREATE TABLE `administracion_mobiliario` (
  `id` int(11) NOT NULL AUTO_INCREMENT,
  `nombre` varchar(45) DEFAULT NULL,
  `ruta_imagen` varchar(255) DEFAULT NULL,
  `capacidad` int(11) DEFAULT NULL,
  `estatus` tinyint(1) DEFAULT '1',
  `texto_predeterminado` varchar(255) DEFAULT ' ',
  PRIMARY KEY (`id`)
) ENGINE=InnoDB AUTO_INCREMENT=9 DEFAULT CHARSET=utf8;

/*Data for the table `administracion_mobiliario` */

insert  into `administracion_mobiliario`(`id`,`nombre`,`ruta_imagen`,`capacidad`,`estatus`,`texto_predeterminado`) values 
(1,'1x1 Table','1x1_table.png',10,1,' '),
(2,'2x1 Table','2x1_table.png',21,1,' '),
(3,'3x1 Table','3x1_table.png',6,1,' '),
(4,'Mesa 4x1','table4x1.png',0,1,' '),
(5,'Silla 1x1','silla1x1.png',1,1,' '),
(6,'Mesa 3x1','table3x1.png',0,1,' '),
(7,'Mesa redonda',NULL,6,2,' '),
(8,'Texto','texto.png',0,1,'Texto');

/*Table structure for table `administracion_reservacion` */

DROP TABLE IF EXISTS `administracion_reservacion`;

CREATE TABLE `administracion_reservacion` (
  `id` int(11) NOT NULL AUTO_INCREMENT,
  `id_restaurante` int(11) NOT NULL,
  `fecha` timestamp NULL DEFAULT CURRENT_TIMESTAMP,
  `fecha_reservacion` datetime DEFAULT NULL,
  `nombre_persona` varchar(150) DEFAULT NULL,
  `estatus_pago` tinyint(4) DEFAULT '0',
  `cantidad_adultos` int(11) DEFAULT NULL,
  `cantidad_menores` int(11) DEFAULT NULL,
  `asistencia` tinyint(1) DEFAULT '0',
  `total_pago` float(10,2) DEFAULT NULL,
  `id_tipo_pago` int(11) DEFAULT NULL,
  `id_usuario_registro` int(11) DEFAULT NULL,
  `id_usuario_pago` int(11) DEFAULT NULL,
  `fecha_pago` datetime DEFAULT NULL,
  PRIMARY KEY (`id`),
  KEY `fk_administracion_reservacion_administracion_restaurantes1_idx` (`id_restaurante`),
  KEY `fk_administracion_reservacion_administracion_tipo_pago1_idx` (`id_tipo_pago`),
  CONSTRAINT `fk_administracion_reservacion_administracion_restaurantes1` FOREIGN KEY (`id_restaurante`) REFERENCES `administracion_restaurantes` (`id`) ON DELETE NO ACTION ON UPDATE NO ACTION,
  CONSTRAINT `fk_administracion_reservacion_administracion_tipo_pago1` FOREIGN KEY (`id_tipo_pago`) REFERENCES `administracion_tipo_pago` (`id`) ON DELETE NO ACTION ON UPDATE NO ACTION
) ENGINE=InnoDB AUTO_INCREMENT=80 DEFAULT CHARSET=utf8;

/*Data for the table `administracion_reservacion` */

insert  into `administracion_reservacion`(`id`,`id_restaurante`,`fecha`,`fecha_reservacion`,`nombre_persona`,`estatus_pago`,`cantidad_adultos`,`cantidad_menores`,`asistencia`,`total_pago`,`id_tipo_pago`,`id_usuario_registro`,`id_usuario_pago`,`fecha_pago`) values 
(8,3,'2017-03-15 05:32:07','2017-03-15 00:20:17','Joel De la O Martínez',1,2,1,0,2500.00,1,12,NULL,NULL),
(26,3,'2017-03-15 07:32:07','2017-03-10 03:20:17','Joel De la O Martínez',1,3,2,0,3200.00,1,12,NULL,NULL),
(27,3,'2017-03-15 07:32:07','2017-03-16 03:20:17','Joel De la O Martínez',1,4,5,0,1500.00,1,12,NULL,NULL),
(28,3,'2017-03-15 07:32:07','2017-03-27 03:20:17','Joel De la O Martínez',1,1,5,0,5000.00,1,12,NULL,NULL),
(29,3,'2017-03-15 07:32:07','2017-03-11 03:20:17','Joel De la O Martínez',1,4,5,0,1500.00,1,12,NULL,NULL),
(30,3,'2017-03-15 07:32:07','2017-03-14 03:20:17','Joel De la O Martínez',1,4,5,0,1500.00,1,12,NULL,NULL),
(31,3,'2017-03-15 07:32:07','2017-03-08 03:20:17','Joel De la O Martínez',1,4,5,0,1500.00,1,12,NULL,NULL),
(32,3,'2017-03-30 03:24:50','2017-03-30 22:20:00','',0,2,0,0,300.00,NULL,12,NULL,NULL),
(33,3,'2017-03-30 04:12:42','2017-03-30 22:20:00','',0,2,0,0,300.00,NULL,12,NULL,NULL),
(34,10,'2017-03-31 04:03:05','2017-04-04 18:00:00','',0,1,0,0,0.00,NULL,12,NULL,NULL),
(35,10,'2017-03-31 04:03:44','2017-04-04 18:00:00','',0,1,0,0,0.00,NULL,12,NULL,NULL),
(36,10,'2017-03-31 05:04:18','2017-04-04 18:00:00','',0,1,0,0,0.00,NULL,12,NULL,NULL),
(37,10,'2017-03-31 05:13:59','2017-04-04 18:00:00','',0,1,0,0,0.00,NULL,12,NULL,NULL),
(38,10,'2017-04-04 23:05:44','2017-04-04 19:00:00','',1,2,0,0,0.00,NULL,12,NULL,NULL),
(39,10,'2017-04-05 02:50:13','2017-04-05 18:00:00','',1,2,0,0,0.00,NULL,12,NULL,NULL),
(40,10,'2017-04-05 04:16:19','2017-04-05 18:00:00','GE RICHARD & MARY',1,2,0,1,0.00,NULL,12,NULL,NULL),
(41,3,'2017-04-10 16:12:36','2017-04-10 19:00:00','DREZ GUILLERMO ENRIQUE',1,1,0,0,0.00,NULL,12,NULL,NULL),
(42,3,'2017-04-11 05:01:25','2017-04-11 07:00:00','DREZ GUILLERMO ENRIQUE',1,2,0,0,0.00,NULL,12,NULL,NULL),
(43,3,'2017-04-11 05:32:29','2017-04-11 07:00:00','ONA MONTEZUMA MARISELA',1,1,0,0,0.00,NULL,12,NULL,NULL),
(44,3,'2017-04-11 15:17:20','2017-04-15 07:00:00','',0,1,1,0,400.00,NULL,12,NULL,NULL),
(45,3,'2017-04-11 19:46:02','2017-04-11 07:00:00','LDON LILIA MIREYA',1,5,0,0,0.00,NULL,12,NULL,NULL),
(46,3,'2017-04-24 16:59:25','2017-04-24 19:00:00','NDA DIAZ EMANUEL',1,1,0,0,0.00,NULL,12,NULL,NULL),
(47,3,'2017-04-24 17:01:52','2017-04-24 19:00:00','',0,1,0,0,200.00,NULL,12,NULL,NULL),
(48,3,'2017-05-04 17:31:39','2017-05-05 19:00:00','sergio jauregui',0,1,0,0,200.00,NULL,14,NULL,NULL),
(49,3,'2017-05-12 04:03:01','2017-05-12 19:00:00','Joel De la O',0,2,0,0,400.00,NULL,1,NULL,NULL),
(50,3,'2017-05-12 05:19:28','2017-05-12 19:00:00','Joel',1,2,0,1,400.00,NULL,1,1,'2017-05-12 05:20:13'),
(51,3,'2017-05-12 05:35:47','2017-05-12 19:00:00','Joel De la O',1,2,0,1,400.00,NULL,1,1,'2017-05-12 05:36:12'),
(52,3,'2017-05-12 05:59:11','2017-05-12 19:00:00','Joel',1,2,0,1,400.00,NULL,1,1,'2017-05-12 05:59:22'),
(53,3,'2017-05-12 06:05:23','2017-05-12 19:00:00','Joel',0,1,0,0,200.00,NULL,1,NULL,NULL),
(54,3,'2017-05-12 06:17:25','2017-05-12 19:00:00','Joe}',0,1,0,0,200.00,NULL,1,NULL,NULL),
(55,3,'2017-05-12 15:44:52','2017-05-12 19:00:00','TAG JIM/PATRICIA MRS',0,2,0,0,400.00,NULL,1,NULL,NULL),
(56,3,'2017-05-12 18:25:05','2017-05-12 19:00:00','Joel',1,2,0,0,400.00,NULL,1,1,'2017-05-12 18:25:23'),
(57,3,'2017-05-22 17:12:56','2017-05-26 19:00:00','Joel',1,2,0,0,400.00,NULL,1,1,'2017-05-22 17:14:55'),
(58,3,'2017-05-22 17:19:30','2017-05-26 19:00:00','MIRNA',0,2,0,0,400.00,NULL,14,NULL,NULL),
(59,3,'2017-05-30 17:46:05','2017-06-02 07:00:00','omar ruiz',0,1,1,0,400.00,NULL,14,NULL,NULL),
(60,3,'2017-06-06 15:20:55','2017-06-09 07:00:00','sergio jauregui',0,1,0,0,200.00,NULL,1,NULL,NULL),
(61,3,'2017-06-06 16:11:29','2017-06-09 07:00:00','GA MENDOZA ANA KARINA',1,2,0,0,0.00,NULL,15,NULL,NULL),
(62,3,'2017-06-06 16:28:30','2017-06-09 07:00:00','Elizabeth granados',0,1,0,0,200.00,NULL,16,NULL,NULL),
(63,3,'2017-06-06 16:29:56','2017-06-09 07:00:00','Octavio Noris',1,1,0,0,200.00,NULL,16,16,'2017-06-06 16:31:31'),
(64,3,'2017-06-07 19:44:17','2017-06-09 19:00:00','ORTEGA MENDOZA ANA KARINA',1,2,0,0,0.00,NULL,1,NULL,NULL),
(65,3,'2017-06-07 19:46:12','2017-06-16 19:00:00','ORTEGA MENDOZA ANA KARINA',1,1,0,0,0.00,NULL,1,NULL,NULL),
(66,3,'2017-06-07 19:49:05','2017-06-23 19:00:00','ORTEGA MENDOZA ANA KARINA',1,1,0,0,0.00,NULL,1,NULL,NULL),
(67,3,'2017-06-07 19:53:21','2017-06-30 19:00:00','ORTEGA MENDOZA ANA KARINA',1,1,0,0,0.00,NULL,1,NULL,NULL),
(68,3,'2017-06-09 15:56:07','2017-06-09 19:00:00','sergio jauregui',0,1,0,0,200.00,NULL,1,NULL,NULL),
(69,3,'2017-06-09 16:46:36','2017-06-09 19:00:00','PEREZ MARTIN/MARIA DE JESUS',1,2,2,0,0.00,NULL,15,NULL,NULL),
(70,3,'2017-06-10 23:56:04','2017-06-16 19:00:00','JOEL',0,5,6,0,3190.00,NULL,1,NULL,NULL),
(71,3,'2017-06-11 00:27:56','2017-06-16 07:00:00','JOE',0,2,1,0,580.00,NULL,1,NULL,NULL),
(72,3,'2017-06-11 00:28:08','2017-06-16 07:00:00','JOE',0,2,1,0,580.00,NULL,1,NULL,NULL),
(73,3,'2017-06-11 00:28:37','2017-06-16 07:00:00','JOE',0,2,1,0,680.00,NULL,1,NULL,NULL),
(74,3,'2017-06-13 14:47:48','2017-06-16 07:00:00','sergio jauregui',0,1,1,0,390.00,NULL,1,NULL,NULL),
(75,3,'2017-06-13 18:08:07','2017-06-16 07:00:00','sergio jauregui',0,1,0,0,390.00,NULL,1,NULL,NULL),
(76,3,'2017-06-14 04:07:13','2017-06-17 19:00:00','JOEl',0,2,0,0,400.00,NULL,1,NULL,NULL),
(77,3,'2017-06-14 17:34:28','2017-06-14 19:00:00','VILLALOBOS JUAN/VIRGINIA',1,2,2,0,0.00,NULL,1,NULL,NULL),
(78,3,'2017-06-14 17:37:45','2017-06-14 19:00:00','TOVAR MIRIAM/IRENE/LUCIA',1,3,1,1,0.00,NULL,1,NULL,NULL),
(79,3,'2017-06-29 16:45:11','2017-06-29 19:00:00','octavio',0,1,0,0,330.00,NULL,1,NULL,NULL);

/*Table structure for table `administracion_reservacion_detalles` */

DROP TABLE IF EXISTS `administracion_reservacion_detalles`;

CREATE TABLE `administracion_reservacion_detalles` (
  `id` int(11) NOT NULL AUTO_INCREMENT,
  `nombre_persona` varchar(150) DEFAULT NULL,
  `habitacion` varchar(45) DEFAULT NULL,
  `id_reservacion` int(11) NOT NULL,
  PRIMARY KEY (`id`),
  KEY `fk_administracion_reservacion_detalles_administracion_reser_idx` (`id_reservacion`),
  CONSTRAINT `fk_administracion_reservacion_detalles_administracion_reserva1` FOREIGN KEY (`id_reservacion`) REFERENCES `administracion_reservacion` (`id`) ON DELETE NO ACTION ON UPDATE NO ACTION
) ENGINE=InnoDB AUTO_INCREMENT=17 DEFAULT CHARSET=utf8;

/*Data for the table `administracion_reservacion_detalles` */

insert  into `administracion_reservacion_detalles`(`id`,`nombre_persona`,`habitacion`,`id_reservacion`) values 
(1,'GE RICHARD & MARY','550',40),
(2,'DREZ GUILLERMO ENRIQUE','1012',41),
(3,'DREZ GUILLERMO ENRIQUE','1012',42),
(4,'ONA MONTEZUMA MARISELA','2014',43),
(5,'LDON LILIA MIREYA','1014',45),
(6,'NDA DIAZ EMANUEL','3003',46),
(7,'TAG JIM/PATRICIA MRS','550',55),
(8,'GA MENDOZA ANA KARINA','129',61),
(9,'ORTEGA MENDOZA ANA KARINA','129',64),
(10,'ORTEGA MENDOZA ANA KARINA','129',65),
(11,'ORTEGA MENDOZA ANA KARINA','129',66),
(12,'ORTEGA MENDOZA ANA KARINA','129',67),
(13,'PEREZ MARTIN/MARIA DE JESUS','135',69),
(14,'PEREZ MARTIN/MARIA DE JESUS','135',69),
(15,'VILLALOBOS JUAN/VIRGINIA','298',77),
(16,'TOVAR MIRIAM/IRENE/LUCIA','365',78);

/*Table structure for table `administracion_reservacion_mobiliario` */

DROP TABLE IF EXISTS `administracion_reservacion_mobiliario`;

CREATE TABLE `administracion_reservacion_mobiliario` (
  `id` int(11) NOT NULL AUTO_INCREMENT,
  `id_reservacion_detalle` int(11) NOT NULL,
  `id_distribucion_mobiliario` int(11) NOT NULL,
  PRIMARY KEY (`id`),
  KEY `fk_administracion_reservacion_mobiliario_administracion_res_idx` (`id_reservacion_detalle`),
  KEY `fk_administracion_reservacion_mobiliario_administracion_dis_idx` (`id_distribucion_mobiliario`),
  CONSTRAINT `fk_administracion_reservacion_mobiliario_administracion_distr1` FOREIGN KEY (`id_distribucion_mobiliario`) REFERENCES `administracion_distribucion_restaurante` (`id`) ON DELETE NO ACTION ON UPDATE NO ACTION,
  CONSTRAINT `fk_administracion_reservacion_mobiliario_administracion_reser1` FOREIGN KEY (`id_reservacion_detalle`) REFERENCES `administracion_reservacion` (`id`) ON DELETE NO ACTION ON UPDATE NO ACTION
) ENGINE=InnoDB AUTO_INCREMENT=113 DEFAULT CHARSET=utf8;

/*Data for the table `administracion_reservacion_mobiliario` */

insert  into `administracion_reservacion_mobiliario`(`id`,`id_reservacion_detalle`,`id_distribucion_mobiliario`) values 
(29,32,2),
(30,41,102),
(31,42,82),
(32,42,81),
(33,43,84),
(34,44,171),
(35,44,172),
(36,45,102),
(37,45,101),
(38,45,100),
(39,45,99),
(40,45,86),
(41,46,83),
(42,47,141),
(43,48,77),
(44,49,136),
(45,49,135),
(46,50,136),
(47,50,137),
(48,51,40),
(49,51,36),
(50,52,92),
(51,52,88),
(52,53,138),
(53,54,135),
(54,55,135),
(55,55,138),
(56,56,135),
(57,56,138),
(58,57,81),
(59,57,82),
(60,58,371),
(61,58,367),
(62,59,91),
(63,59,92),
(64,60,81),
(65,61,27),
(66,61,28),
(67,62,82),
(68,63,92),
(69,64,90),
(70,64,91),
(71,65,138),
(72,66,186),
(73,67,135),
(74,68,154),
(75,69,374),
(76,69,375),
(77,69,376),
(78,69,373),
(79,70,368),
(80,70,369),
(81,70,29),
(82,70,30),
(83,70,31),
(84,70,32),
(85,70,367),
(86,70,364),
(87,70,365),
(88,70,366),
(89,70,25),
(90,71,18),
(91,71,19),
(92,71,32),
(93,72,18),
(94,72,19),
(95,72,32),
(96,73,18),
(97,73,19),
(98,73,32),
(99,74,146),
(100,74,147),
(101,75,146),
(102,76,703),
(103,76,702),
(104,77,167),
(105,77,168),
(106,77,169),
(107,77,170),
(108,78,174),
(109,78,173),
(110,78,172),
(111,78,171),
(112,79,361);

/*Table structure for table `administracion_reservacion_mobiliario_temp` */

DROP TABLE IF EXISTS `administracion_reservacion_mobiliario_temp`;

CREATE TABLE `administracion_reservacion_mobiliario_temp` (
  `id` int(11) NOT NULL AUTO_INCREMENT,
  `id_mobiliario` varchar(50) DEFAULT NULL,
  `fecha` datetime DEFAULT NULL,
  `timestamp` timestamp NULL DEFAULT CURRENT_TIMESTAMP,
  `estatus` tinyint(1) DEFAULT '1',
  PRIMARY KEY (`id`)
) ENGINE=InnoDB AUTO_INCREMENT=124 DEFAULT CHARSET=utf8;

/*Data for the table `administracion_reservacion_mobiliario_temp` */

insert  into `administracion_reservacion_mobiliario_temp`(`id`,`id_mobiliario`,`fecha`,`timestamp`,`estatus`) values 
(16,'c81e728d9d4c2f636f067f89cc14862c','2017-03-30 22:20:00','2017-03-30 03:24:34',1),
(17,'ac627ab1ccbdb62ec96e702f07f6425b','2017-04-06 19:00:00','2017-04-06 20:35:17',1),
(18,'ec8956637a99787bd197eacd77acce5e','2017-04-06 19:00:00','2017-04-06 20:35:19',1),
(19,'f899139df5e1059396431415e770c6dd','2017-04-06 19:00:00','2017-04-06 20:36:50',1),
(20,'38b3eff8baf56627478ec76a704e9b52','2017-04-06 19:00:00','2017-04-06 20:36:50',1),
(21,'812b4ba287f5ee0bc9d43bbf5bbe87fb','2017-04-06 19:00:00','2017-04-06 20:36:52',1),
(22,'26657d5ff9020d2abefe558796b99584','2017-04-06 19:00:00','2017-04-06 20:36:52',1),
(23,'e2ef524fbf3d9fe611d5a8e90fefdc9c','2017-04-06 19:00:00','2017-04-06 20:36:53',1),
(24,'ed3d2c21991e3bef5e069713af9fa6ca','2017-04-06 19:00:00','2017-04-06 20:36:53',1),
(25,'7647966b7343c29048673252e490f736','2017-04-06 19:00:00','2017-04-06 20:40:27',1),
(26,'98dce83da57b0395e163467c9dae521b','2017-04-06 19:00:00','2017-04-06 20:45:50',1),
(27,'f033ab37c30201f73f142449d037028d','2017-04-06 19:00:00','2017-04-06 20:46:48',0),
(28,'d1fe173d08e959397adf34b1d77e88d7','2017-04-06 19:00:00','2017-04-06 20:46:50',0),
(29,'0a09c8844ba8f0936c20bd791130d6b6','2017-04-06 19:00:00','2017-04-06 20:46:55',1),
(30,'2b24d495052a8ce66358eb576b8912c8','2017-04-06 19:00:00','2017-04-06 20:47:19',1),
(31,'93db85ed909c13838ff95ccfa94cebd9','2017-04-10 19:00:00','2017-04-10 16:11:21',0),
(32,'ec8956637a99787bd197eacd77acce5e','2017-04-10 19:00:00','2017-04-10 16:12:29',0),
(33,'9778d5d219c5080b9a6a17bef029331c','2017-04-11 07:00:00','2017-04-11 05:01:20',0),
(34,'43ec517d68b6edd3015b3edc9a11367b','2017-04-11 07:00:00','2017-04-11 05:01:21',0),
(35,'fe9fc289c3ff0af142b6d3bead98a923','2017-04-11 07:00:00','2017-04-11 05:01:45',0),
(36,'68d30a9594728bc39aa24be94b319d21','2017-04-11 07:00:00','2017-04-11 05:01:45',0),
(37,'68d30a9594728bc39aa24be94b319d21','2017-04-11 07:00:00','2017-04-11 05:32:26',0),
(38,'a4a042cf4fd6bfb47701cbc8a1653ada','2017-04-15 07:00:00','2017-04-11 15:16:40',0),
(39,'1ff8a7b5dc7a7d1f0ed65aaa29c04b1e','2017-04-15 07:00:00','2017-04-11 15:16:41',0),
(40,'7647966b7343c29048673252e490f736','2017-04-11 07:00:00','2017-04-11 19:43:31',0),
(41,'2a38a4a9316c49e5a833517c45d31070','2017-04-11 07:00:00','2017-04-11 19:43:31',0),
(42,'93db85ed909c13838ff95ccfa94cebd9','2017-04-11 07:00:00','2017-04-11 19:43:32',0),
(43,'c7e1249ffc03eb9ded908c236bd1996d','2017-04-11 07:00:00','2017-04-11 19:43:33',0),
(44,'ac627ab1ccbdb62ec96e702f07f6425b','2017-04-11 07:00:00','2017-04-11 19:43:35',0),
(45,'ec8956637a99787bd197eacd77acce5e','2017-04-11 07:00:00','2017-04-11 19:44:30',0),
(46,'38b3eff8baf56627478ec76a704e9b52','2017-04-11 07:00:00','2017-04-11 19:44:30',0),
(47,'f899139df5e1059396431415e770c6dd','2017-04-11 07:00:00','2017-04-11 19:44:31',0),
(48,'ac627ab1ccbdb62ec96e702f07f6425b','2017-04-11 07:00:00','2017-04-11 19:44:31',0),
(49,'93db85ed909c13838ff95ccfa94cebd9','2017-04-11 07:00:00','2017-04-11 19:44:32',0),
(50,'fe9fc289c3ff0af142b6d3bead98a923','2017-04-24 19:00:00','2017-04-24 16:59:03',0),
(51,'0f28b5d49b3020afeecd95b4009adf4c','2017-04-24 19:00:00','2017-04-24 17:01:37',0),
(52,'28dd2c7955ce926456240b2ff0100bde','2017-05-05 19:00:00','2017-05-04 17:31:28',0),
(53,'ad61ab143223efbc24c7d2583be69251','2017-05-12 19:00:00','2017-05-12 03:59:12',1),
(54,'d09bf41544a3365a46c9077ebb5e35c3','2017-05-12 19:00:00','2017-05-12 03:59:13',1),
(55,'42a0e188f5033bc65bf8d78622277c4e','2017-05-12 19:00:00','2017-05-12 04:02:52',0),
(56,'7f1de29e6da19d22b51c68001e7e0e54','2017-05-12 19:00:00','2017-05-12 04:02:53',0),
(57,'42a0e188f5033bc65bf8d78622277c4e','2017-05-12 19:00:00','2017-05-12 05:16:29',0),
(58,'7f1de29e6da19d22b51c68001e7e0e54','2017-05-12 19:00:00','2017-05-12 05:17:07',0),
(59,'42a0e188f5033bc65bf8d78622277c4e','2017-05-12 19:00:00','2017-05-12 05:17:08',0),
(60,'42a0e188f5033bc65bf8d78622277c4e','2017-05-12 19:00:00','2017-05-12 05:19:21',0),
(61,'3988c7f88ebcb58c6ce932b957b6f332','2017-05-12 19:00:00','2017-05-12 05:19:22',0),
(62,'d645920e395fedad7bbbed0eca3fe2e0','2017-05-12 19:00:00','2017-05-12 05:35:42',0),
(63,'19ca14e7ea6328a42e0eb13d585e4c22','2017-05-12 19:00:00','2017-05-12 05:35:43',0),
(64,'92cc227532d17e56e07902b254dfad10','2017-05-12 19:00:00','2017-05-12 05:59:07',0),
(65,'2a38a4a9316c49e5a833517c45d31070','2017-05-12 19:00:00','2017-05-12 05:59:08',0),
(66,'013d407166ec4fa56eb1e1f8cbe183b9','2017-05-12 19:00:00','2017-05-12 06:05:14',0),
(67,'7f1de29e6da19d22b51c68001e7e0e54','2017-05-12 19:00:00','2017-05-12 06:17:22',0),
(68,'7f1de29e6da19d22b51c68001e7e0e54','2017-05-12 19:00:00','2017-05-12 15:44:42',0),
(69,'013d407166ec4fa56eb1e1f8cbe183b9','2017-05-12 19:00:00','2017-05-12 15:44:48',0),
(70,'7f1de29e6da19d22b51c68001e7e0e54','2017-05-12 19:00:00','2017-05-12 18:24:55',0),
(71,'013d407166ec4fa56eb1e1f8cbe183b9','2017-05-12 19:00:00','2017-05-12 18:25:02',0),
(72,'34173cb38f07f89ddbebc2ac9128303f','2017-05-19 19:00:00','2017-05-20 00:01:05',1),
(73,'c16a5320fa475530d9583c34fd356ef5','2017-05-19 19:00:00','2017-05-20 00:01:06',1),
(74,'43ec517d68b6edd3015b3edc9a11367b','2017-05-26 19:00:00','2017-05-22 17:12:31',0),
(75,'9778d5d219c5080b9a6a17bef029331c','2017-05-26 19:00:00','2017-05-22 17:12:52',0),
(76,'41f1f19176d383480afa65d325c06ed0','2017-05-26 19:00:00','2017-05-22 17:19:17',0),
(77,'05049e90fa4f5039a8cadc6acbb4b2cc','2017-05-26 19:00:00','2017-05-22 17:19:20',0),
(78,'54229abfcfa5649e7003b83dd4755294','2017-06-02 07:00:00','2017-05-30 17:45:37',0),
(79,'92cc227532d17e56e07902b254dfad10','2017-06-02 07:00:00','2017-05-30 17:45:37',0),
(80,'43ec517d68b6edd3015b3edc9a11367b','2017-06-09 07:00:00','2017-06-06 15:20:47',0),
(81,'02e74f10e0327ad868d138f2b4fdd6f0','2017-06-09 07:00:00','2017-06-06 16:11:15',0),
(82,'33e75ff09dd601bbe69f351039152189','2017-06-09 07:00:00','2017-06-06 16:11:16',0),
(83,'9778d5d219c5080b9a6a17bef029331c','2017-06-09 07:00:00','2017-06-06 16:28:21',0),
(84,'92cc227532d17e56e07902b254dfad10','2017-06-09 07:00:00','2017-06-06 16:29:50',0),
(85,'8613985ec49eb8f757ae6439e879bb2a','2017-06-09 19:00:00','2017-06-07 19:44:11',0),
(86,'54229abfcfa5649e7003b83dd4755294','2017-06-09 19:00:00','2017-06-07 19:44:12',0),
(87,'013d407166ec4fa56eb1e1f8cbe183b9','2017-06-16 19:00:00','2017-06-07 19:46:05',1),
(88,'9872ed9fc22fc182d371c3e9ed316094','2017-06-23 19:00:00','2017-06-07 19:49:01',0),
(89,'7f1de29e6da19d22b51c68001e7e0e54','2017-06-30 19:00:00','2017-06-07 19:53:16',0),
(90,'1d7f7abc18fcb43975065399b0d1e48e','2017-06-09 19:00:00','2017-06-09 15:56:01',0),
(91,'ad972f10e0800b49d76fed33a21f6698','2017-06-09 19:00:00','2017-06-09 16:46:25',0),
(92,'f61d6947467ccd3aa5af24db320235dd','2017-06-09 19:00:00','2017-06-09 16:46:26',0),
(93,'142949df56ea8ae0be8b5306971900a4','2017-06-09 19:00:00','2017-06-09 16:46:26',0),
(94,'ffd52f3c7e12435a724a8f30fddadd9c','2017-06-09 19:00:00','2017-06-09 16:46:27',0),
(95,'cf004fdc76fa1a4f25f62e0eb5261ca3','2017-06-16 19:00:00','2017-06-10 23:55:49',0),
(96,'6ea9ab1baa0efb9e19094440c317e21b','2017-06-16 19:00:00','2017-06-10 23:55:50',0),
(97,'0c74b7f78409a4022a2c4c5a5ca3ee19','2017-06-16 19:00:00','2017-06-10 23:55:51',0),
(98,'34173cb38f07f89ddbebc2ac9128303f','2017-06-16 19:00:00','2017-06-10 23:55:52',0),
(99,'c16a5320fa475530d9583c34fd356ef5','2017-06-16 19:00:00','2017-06-10 23:55:54',0),
(100,'05049e90fa4f5039a8cadc6acbb4b2cc','2017-06-16 19:00:00','2017-06-10 23:55:55',0),
(101,'bac9162b47c56fc8a4d2a519803d51b3','2017-06-16 19:00:00','2017-06-10 23:55:56',0),
(102,'9be40cee5b0eee1462c82c6964087ff9','2017-06-16 19:00:00','2017-06-10 23:55:57',0),
(103,'6364d3f0f495b6ab9dcf8d3b5c6e0b01','2017-06-16 19:00:00','2017-06-10 23:55:59',0),
(104,'5ef698cd9fe650923ea331c15af3b160','2017-06-16 19:00:00','2017-06-10 23:56:00',0),
(105,'8e296a067a37563370ded05f5a3bf3ec','2017-06-16 19:00:00','2017-06-10 23:56:01',0),
(106,'6f4922f45568161a8cdf4ad2299f6d23','2017-06-16 07:00:00','2017-06-11 00:27:52',0),
(107,'1f0e3dad99908345f7439f8ffabdffc4','2017-06-16 07:00:00','2017-06-11 00:27:53',0),
(108,'6364d3f0f495b6ab9dcf8d3b5c6e0b01','2017-06-16 07:00:00','2017-06-11 00:27:54',0),
(109,'a5e00132373a7031000fd987a3c9f87b','2017-06-16 07:00:00','2017-06-13 14:47:31',0),
(110,'8d5e957f297893487bd98fa830fa6413','2017-06-16 07:00:00','2017-06-13 14:47:43',0),
(111,'a5e00132373a7031000fd987a3c9f87b','2017-06-16 07:00:00','2017-06-13 18:08:02',0),
(112,'d6c651ddcd97183b2e40bc464231c962','2017-06-17 19:00:00','2017-06-14 04:07:05',0),
(113,'b1eec33c726a60554bc78518d5f9b32c','2017-06-17 19:00:00','2017-06-14 04:07:10',0),
(114,'43ec517d68b6edd3015b3edc9a11367b','2017-06-14 19:00:00','2017-06-14 17:32:55',0),
(115,'5878a7ab84fb43402106c575658472fa','2017-06-14 19:00:00','2017-06-14 17:34:16',0),
(116,'006f52e9102a8d3be2fe5614f42ba989','2017-06-14 19:00:00','2017-06-14 17:34:17',0),
(117,'3636638817772e42b59d74cff571fbb3','2017-06-14 19:00:00','2017-06-14 17:34:19',0),
(118,'149e9677a5989fd342ae44213df68868','2017-06-14 19:00:00','2017-06-14 17:34:19',0),
(119,'bf8229696f7a3bb4700cfddef19fa23f','2017-06-14 19:00:00','2017-06-14 17:37:34',0),
(120,'f7e6c85504ce6e82442c770f7c8606f0','2017-06-14 19:00:00','2017-06-14 17:37:34',0),
(121,'1ff8a7b5dc7a7d1f0ed65aaa29c04b1e','2017-06-14 19:00:00','2017-06-14 17:37:35',0),
(122,'a4a042cf4fd6bfb47701cbc8a1653ada','2017-06-14 19:00:00','2017-06-14 17:37:36',0),
(123,'52720e003547c70561bf5e03b95aa99f','2017-06-29 19:00:00','2017-06-29 16:45:05',0);

/*Table structure for table `administracion_restaurantes` */

DROP TABLE IF EXISTS `administracion_restaurantes`;

CREATE TABLE `administracion_restaurantes` (
  `id` int(11) NOT NULL AUTO_INCREMENT,
  `nombre` varchar(45) DEFAULT NULL,
  `hora_apertura` time DEFAULT NULL,
  `hora_cerrado` time DEFAULT NULL,
  `ruta_mapa` varchar(255) DEFAULT NULL,
  `capacidad` int(3) DEFAULT NULL,
  `imagen` varchar(150) DEFAULT NULL,
  `descripcion` text,
  `estatus` tinyint(1) DEFAULT '1',
  PRIMARY KEY (`id`)
) ENGINE=InnoDB AUTO_INCREMENT=12 DEFAULT CHARSET=utf8;

/*Data for the table `administracion_restaurantes` */

insert  into `administracion_restaurantes`(`id`,`nombre`,`hora_apertura`,`hora_cerrado`,`ruta_mapa`,`capacidad`,`imagen`,`descripcion`,`estatus`) values 
(3,'Salon-Teatro Venado','19:00:00','02:00:00',NULL,500,'salonvenado1.jpg','Salòn Los Venados\n\n                                          CENA BUFFET CON SHOW\n\nEl Salón-Teatro Venado es una perla dentro del hotel, cuenta con espacio para 500 invitados, escenario para bailarines y músicos, ambientación por medio de luces y sonido profesional, al igual que una arquitectura única en el puerto que lleva a nuestros visitantes a través de un pequeño viaje histórico de las riquezas arquitectónicas y culturas de nuestro estado.\nLas puertas se abren a las 7:00 p.m., invitándolo a una Cena-Show con todo incluido en cuanto a barra libre de bebidas nacionales y música en vivo para bailar, seguido por un exquisito buffet de platillos y antojitos mexicanos ofreciendo orgullosamente lo más representativo de nuestra tierra y de lo que ella ofrece en cuanto a sus delicias culinarias.',1),
(10,'Italiano','18:00:00','21:00:00','',40,'italiano.jpg',NULL,2),
(11,'wewq','10:07:56','10:08:00',NULL,12,NULL,'wqeqwas',2);

/*Table structure for table `administracion_tipo_eventos` */

DROP TABLE IF EXISTS `administracion_tipo_eventos`;

CREATE TABLE `administracion_tipo_eventos` (
  `id` int(11) NOT NULL AUTO_INCREMENT,
  `nombre` varchar(45) DEFAULT NULL,
  `importancia` int(11) DEFAULT NULL,
  `estatus` tinyint(1) DEFAULT '1',
  PRIMARY KEY (`id`)
) ENGINE=InnoDB AUTO_INCREMENT=13 DEFAULT CHARSET=utf8;

/*Data for the table `administracion_tipo_eventos` */

insert  into `administracion_tipo_eventos`(`id`,`nombre`,`importancia`,`estatus`) values 
(1,'Boda',2,2),
(2,'Graduacion',2,2),
(3,'Fiesta Mexicana',1,2),
(4,'Piñata',2,2),
(5,'Semanal',1,1),
(6,'Mensual',2,1),
(7,'Especial',4,1),
(8,'Anual',3,1),
(9,'Boda',2,2),
(10,'Boda',2,2),
(11,'Graduacion',2,2),
(12,'Boda',2,2);

/*Table structure for table `administracion_tipo_pago` */

DROP TABLE IF EXISTS `administracion_tipo_pago`;

CREATE TABLE `administracion_tipo_pago` (
  `id` int(11) NOT NULL AUTO_INCREMENT,
  `nombre` varchar(45) DEFAULT NULL,
  `estatus` tinyint(1) DEFAULT '1',
  PRIMARY KEY (`id`)
) ENGINE=InnoDB AUTO_INCREMENT=3 DEFAULT CHARSET=utf8;

/*Data for the table `administracion_tipo_pago` */

insert  into `administracion_tipo_pago`(`id`,`nombre`,`estatus`) values 
(1,'Efectivo',1),
(2,'Credito',1);

/*Table structure for table `sistema_acciones` */

DROP TABLE IF EXISTS `sistema_acciones`;

CREATE TABLE `sistema_acciones` (
  `id` int(11) NOT NULL AUTO_INCREMENT,
  `nombre` varchar(45) DEFAULT NULL,
  `estatus` tinyint(1) DEFAULT '1',
  PRIMARY KEY (`id`)
) ENGINE=InnoDB AUTO_INCREMENT=5 DEFAULT CHARSET=utf8;

/*Data for the table `sistema_acciones` */

insert  into `sistema_acciones`(`id`,`nombre`,`estatus`) values 
(1,'Entrar',1),
(2,'Agregar',1),
(3,'Editar',1),
(4,'Eliminar',1);

/*Table structure for table `sistema_dias` */

DROP TABLE IF EXISTS `sistema_dias`;

CREATE TABLE `sistema_dias` (
  `id` int(11) NOT NULL AUTO_INCREMENT,
  `nombre` varchar(50) DEFAULT NULL,
  PRIMARY KEY (`id`)
) ENGINE=InnoDB AUTO_INCREMENT=8 DEFAULT CHARSET=utf8;

/*Data for the table `sistema_dias` */

insert  into `sistema_dias`(`id`,`nombre`) values 
(1,'Domingo'),
(2,'Lunes'),
(3,'Martes'),
(4,'Miercoles'),
(5,'Jueves'),
(6,'Viernes'),
(7,'Sabado');

/*Table structure for table `sistema_meses` */

DROP TABLE IF EXISTS `sistema_meses`;

CREATE TABLE `sistema_meses` (
  `id` int(11) NOT NULL AUTO_INCREMENT,
  `nombre` varchar(20) DEFAULT NULL,
  PRIMARY KEY (`id`)
) ENGINE=InnoDB AUTO_INCREMENT=13 DEFAULT CHARSET=utf8;

/*Data for the table `sistema_meses` */

insert  into `sistema_meses`(`id`,`nombre`) values 
(1,'Enero'),
(2,'Febrero'),
(3,'Marzo'),
(4,'Abril'),
(5,'Mayo'),
(6,'Junio'),
(7,'Julio'),
(8,'Septiembre'),
(9,'Agosto'),
(10,'Octubre'),
(11,'Noviembre'),
(12,'Diciembre');

/*Table structure for table `sistema_modulos` */

DROP TABLE IF EXISTS `sistema_modulos`;

CREATE TABLE `sistema_modulos` (
  `id` int(11) NOT NULL AUTO_INCREMENT,
  `nombre` varchar(45) NOT NULL,
  `icono` varchar(255) NOT NULL,
  `id_seccion` int(11) NOT NULL,
  `url` varchar(100) DEFAULT NULL,
  `fecha` timestamp NULL DEFAULT CURRENT_TIMESTAMP,
  `estatus` tinyint(1) DEFAULT '1',
  PRIMARY KEY (`id`),
  KEY `fk_sistema_modulos_sistema_secciones1_idx` (`id_seccion`),
  CONSTRAINT `fk_sistema_modulos_sistema_secciones1` FOREIGN KEY (`id_seccion`) REFERENCES `sistema_secciones` (`id`) ON DELETE NO ACTION ON UPDATE NO ACTION
) ENGINE=InnoDB AUTO_INCREMENT=16 DEFAULT CHARSET=utf8;

/*Data for the table `sistema_modulos` */

insert  into `sistema_modulos`(`id`,`nombre`,`icono`,`id_seccion`,`url`,`fecha`,`estatus`) values 
(1,'Usuarios','person_outline',1,'sistema/usuarios','2017-03-05 00:12:44',1),
(2,'Perfiles','supervisor_account',1,NULL,'2017-03-05 03:20:59',0),
(3,'Secciones','recent_actors',1,NULL,'2017-03-05 05:01:40',0),
(4,'Acciones','call_made',1,NULL,'2017-03-05 05:01:53',0),
(5,'Restaurantes','restaurant',2,'administracion/restaurantes','2017-03-05 22:15:28',1),
(6,'Tipos de eventos','view_agenda',2,'administracion/tipos_eventos','2017-03-12 23:13:35',1),
(7,'Eventos','event',2,'administracion/eventos','2017-03-12 23:56:44',1),
(8,'Mobiliario','event_seat',2,'administracion/mobiliario','2017-03-13 02:12:32',1),
(9,'Reservacion','books',3,'kiosko/reservacion','2017-03-13 02:12:32',1),
(10,'Distribucion','view_quilt',2,'administracion/distribucion','2017-03-13 02:12:48',1),
(11,'Reportes por restaurantes','',4,'reportes/restaurantes','2017-03-18 21:00:56',1),
(12,'Pago de reservacion','payment',3,'administracion/pago_reservacion','2017-04-01 21:00:00',1),
(13,'Asistencia a evento','playlist_add_check',3,'administracion/asistencia_reservacion','2017-04-01 21:00:00',1),
(14,'Reservaciones','list',3,'administracion/reservaciones','2017-04-27 16:11:56',1),
(15,'Estatus de evento','event',3,'administracion/estatus_eventos','2017-04-27 16:12:13',1);

/*Table structure for table `sistema_perfiles` */

DROP TABLE IF EXISTS `sistema_perfiles`;

CREATE TABLE `sistema_perfiles` (
  `id` int(11) NOT NULL AUTO_INCREMENT,
  `nombre` varchar(45) NOT NULL,
  `estatus` tinyint(1) DEFAULT '1',
  `fecha` timestamp NULL DEFAULT CURRENT_TIMESTAMP,
  PRIMARY KEY (`id`)
) ENGINE=InnoDB AUTO_INCREMENT=4 DEFAULT CHARSET=utf8;

/*Data for the table `sistema_perfiles` */

insert  into `sistema_perfiles`(`id`,`nombre`,`estatus`,`fecha`) values 
(1,'Administrador',1,'2017-03-05 00:13:54'),
(2,'Recepcionista',1,'2017-03-17 05:05:36'),
(3,'Super administrador',0,'2017-04-06 18:13:32');

/*Table structure for table `sistema_perfiles_modulos` */

DROP TABLE IF EXISTS `sistema_perfiles_modulos`;

CREATE TABLE `sistema_perfiles_modulos` (
  `id` int(11) NOT NULL AUTO_INCREMENT,
  `id_perfil` int(11) NOT NULL,
  `id_modulo` int(11) NOT NULL,
  `estatus` tinyint(1) DEFAULT '1',
  `fecha` timestamp NULL DEFAULT CURRENT_TIMESTAMP,
  PRIMARY KEY (`id`),
  KEY `fk_sistema_perfiles_modulos_sistema_perfiles_idx` (`id_perfil`),
  KEY `fk_sistema_perfiles_modulos_sistema_modulos1_idx` (`id_modulo`),
  CONSTRAINT `fk_sistema_perfiles_modulos_sistema_modulos1` FOREIGN KEY (`id_modulo`) REFERENCES `sistema_modulos` (`id`) ON DELETE NO ACTION ON UPDATE NO ACTION,
  CONSTRAINT `fk_sistema_perfiles_modulos_sistema_perfiles` FOREIGN KEY (`id_perfil`) REFERENCES `sistema_perfiles` (`id`) ON DELETE NO ACTION ON UPDATE NO ACTION
) ENGINE=InnoDB AUTO_INCREMENT=39 DEFAULT CHARSET=utf8;

/*Data for the table `sistema_perfiles_modulos` */

insert  into `sistema_perfiles_modulos`(`id`,`id_perfil`,`id_modulo`,`estatus`,`fecha`) values 
(1,1,1,1,'2017-03-05 00:13:59'),
(2,1,2,1,'2017-03-05 03:21:24'),
(3,1,3,1,'2017-03-05 05:21:34'),
(4,1,4,1,'2017-03-05 05:23:04'),
(6,1,6,1,'2017-03-12 23:13:41'),
(7,1,7,1,'2017-03-12 23:57:36'),
(8,1,8,1,'2017-03-13 02:12:48'),
(9,1,9,1,'2017-03-13 02:12:48'),
(10,1,10,1,'2017-03-13 02:12:48'),
(11,2,9,1,'2017-03-17 05:06:00'),
(12,1,11,1,'2017-03-18 21:01:18'),
(14,1,12,1,'2017-04-01 21:00:00'),
(15,1,13,1,'2017-04-01 21:00:00'),
(16,2,12,1,'2017-04-01 21:00:00'),
(17,3,1,1,'2017-04-06 18:15:24'),
(18,3,2,1,'2017-04-06 18:15:24'),
(19,3,3,1,'2017-04-06 18:15:24'),
(20,3,4,1,'2017-04-06 18:15:24'),
(21,3,6,1,'2017-04-06 18:15:24'),
(22,3,7,1,'2017-04-06 18:15:24'),
(23,3,8,1,'2017-04-06 18:15:24'),
(24,3,9,1,'2017-04-06 18:15:24'),
(25,3,10,1,'2017-04-06 18:15:24'),
(26,3,11,1,'2017-04-06 18:15:24'),
(27,3,12,1,'2017-04-06 18:15:24'),
(28,3,13,1,'2017-04-06 18:15:24'),
(32,3,5,1,'2017-04-06 18:15:45'),
(33,1,14,1,'2017-04-27 16:13:16'),
(34,1,15,1,'2017-04-27 16:13:19'),
(35,2,14,1,'2017-04-27 16:13:22'),
(36,2,15,1,'2017-04-27 16:13:25'),
(37,3,14,1,'2017-04-27 16:13:28'),
(38,3,15,1,'2017-04-27 16:13:33');

/*Table structure for table `sistema_reservacion_config` */

DROP TABLE IF EXISTS `sistema_reservacion_config`;

CREATE TABLE `sistema_reservacion_config` (
  `id` int(11) NOT NULL AUTO_INCREMENT,
  `reservation_interval` int(11) DEFAULT NULL,
  `time_to_release` int(11) DEFAULT NULL,
  `reservation_time` int(11) DEFAULT NULL,
  `timeout` int(11) DEFAULT NULL,
  `time_to_pay` int(11) DEFAULT NULL,
  `time_to_arrive` int(11) DEFAULT NULL,
  `days_to_reserve` int(11) DEFAULT NULL,
  PRIMARY KEY (`id`)
) ENGINE=InnoDB AUTO_INCREMENT=2 DEFAULT CHARSET=utf8;

/*Data for the table `sistema_reservacion_config` */

insert  into `sistema_reservacion_config`(`id`,`reservation_interval`,`time_to_release`,`reservation_time`,`timeout`,`time_to_pay`,`time_to_arrive`,`days_to_reserve`) values 
(1,50,15,120,300,50,0,365);

/*Table structure for table `sistema_secciones` */

DROP TABLE IF EXISTS `sistema_secciones`;

CREATE TABLE `sistema_secciones` (
  `id` int(11) NOT NULL AUTO_INCREMENT,
  `nombre` varchar(45) DEFAULT NULL,
  `icono` varchar(150) DEFAULT NULL,
  `fecha` timestamp NULL DEFAULT CURRENT_TIMESTAMP,
  `estatus` tinyint(1) DEFAULT '1',
  PRIMARY KEY (`id`)
) ENGINE=InnoDB AUTO_INCREMENT=5 DEFAULT CHARSET=utf8;

/*Data for the table `sistema_secciones` */

insert  into `sistema_secciones`(`id`,`nombre`,`icono`,`fecha`,`estatus`) values 
(1,'Sistema',NULL,'2017-03-05 00:12:30',1),
(2,'Administración',NULL,'2017-03-05 03:20:38',1),
(3,'Reservaciones','','0000-00-00 00:00:00',1),
(4,'Reportes','','2017-03-18 21:00:27',1);

/*Table structure for table `sistema_usuario_accion_modulo` */

DROP TABLE IF EXISTS `sistema_usuario_accion_modulo`;

CREATE TABLE `sistema_usuario_accion_modulo` (
  `id` int(11) NOT NULL AUTO_INCREMENT,
  `id_usuario` int(11) NOT NULL,
  `id_modulo` int(11) NOT NULL,
  `id_accion` int(11) NOT NULL,
  `id_afectado` int(11) DEFAULT NULL,
  `fecha` timestamp NULL DEFAULT CURRENT_TIMESTAMP,
  `ip` varchar(45) DEFAULT NULL,
  PRIMARY KEY (`id`),
  KEY `fk_usuario_acceso_modulo_sistema_usuarios1_idx` (`id_usuario`),
  KEY `fk_usuario_acceso_modulo_sistema_modulos1_idx` (`id_modulo`),
  KEY `fk_usuario_acceso_modulo_sistema_acciones1_idx` (`id_accion`),
  CONSTRAINT `fk_usuario_acceso_modulo_sistema_acciones1` FOREIGN KEY (`id_accion`) REFERENCES `sistema_acciones` (`id`) ON DELETE NO ACTION ON UPDATE NO ACTION,
  CONSTRAINT `fk_usuario_acceso_modulo_sistema_modulos1` FOREIGN KEY (`id_modulo`) REFERENCES `sistema_modulos` (`id`) ON DELETE NO ACTION ON UPDATE NO ACTION,
  CONSTRAINT `fk_usuario_acceso_modulo_sistema_usuarios1` FOREIGN KEY (`id_usuario`) REFERENCES `sistema_usuarios` (`id`) ON DELETE NO ACTION ON UPDATE NO ACTION
) ENGINE=InnoDB AUTO_INCREMENT=1422 DEFAULT CHARSET=utf8;

/*Data for the table `sistema_usuario_accion_modulo` */

insert  into `sistema_usuario_accion_modulo`(`id`,`id_usuario`,`id_modulo`,`id_accion`,`id_afectado`,`fecha`,`ip`) values 
(1,1,1,1,NULL,'2017-03-13 05:44:18','172.19.0.1'),
(2,1,9,1,NULL,'2017-03-13 05:44:22','172.19.0.1'),
(3,1,5,1,NULL,'2017-03-13 05:44:38','172.19.0.1'),
(4,1,9,1,NULL,'2017-03-13 05:44:45','172.19.0.1'),
(5,1,9,1,NULL,'2017-03-13 05:47:32','172.19.0.1'),
(6,1,10,1,NULL,'2017-03-13 05:47:39','172.19.0.1'),
(7,1,10,1,NULL,'2017-03-13 05:54:13','172.19.0.1'),
(8,1,10,1,NULL,'2017-03-13 05:54:31','172.19.0.1'),
(9,1,10,1,NULL,'2017-03-13 05:56:11','172.19.0.1'),
(10,1,10,1,NULL,'2017-03-13 05:56:44','172.19.0.1'),
(11,1,10,1,NULL,'2017-03-13 05:58:47','172.19.0.1'),
(12,1,10,1,NULL,'2017-03-13 05:59:39','172.19.0.1'),
(13,1,10,1,NULL,'2017-03-13 06:02:00','172.19.0.1'),
(14,1,10,1,NULL,'2017-03-13 06:04:43','172.19.0.1'),
(15,1,10,1,NULL,'2017-03-13 06:05:49','172.19.0.1'),
(16,1,10,1,NULL,'2017-03-13 06:06:19','172.19.0.1'),
(17,1,10,1,NULL,'2017-03-13 06:07:41','172.19.0.1'),
(18,1,10,1,NULL,'2017-03-13 06:10:03','172.19.0.1'),
(19,1,10,1,NULL,'2017-03-13 06:10:58','172.19.0.1'),
(20,1,10,1,NULL,'2017-03-13 06:11:55','172.19.0.1'),
(21,1,10,1,NULL,'2017-03-13 06:12:13','172.19.0.1'),
(22,1,10,1,NULL,'2017-03-13 06:12:42','172.19.0.1'),
(23,1,9,1,NULL,'2017-03-13 06:12:46','172.19.0.1'),
(24,1,10,1,NULL,'2017-03-13 06:16:30','172.19.0.1'),
(25,1,9,1,NULL,'2017-03-13 06:16:36','172.19.0.1'),
(26,1,9,1,NULL,'2017-03-13 06:40:40','172.19.0.1'),
(27,1,9,1,NULL,'2017-03-13 06:43:57','172.19.0.1'),
(28,1,1,1,NULL,'2017-03-13 18:17:14','172.19.0.1'),
(29,1,9,1,NULL,'2017-03-13 18:17:24','172.19.0.1'),
(30,1,9,1,NULL,'2017-03-13 18:22:54','172.19.0.1'),
(31,1,9,1,NULL,'2017-03-13 18:23:39','172.19.0.1'),
(32,1,9,1,NULL,'2017-03-13 18:23:58','172.19.0.1'),
(33,1,9,1,NULL,'2017-03-13 18:26:25','172.19.0.1'),
(34,1,9,1,NULL,'2017-03-13 18:37:16','172.19.0.1'),
(35,1,9,1,NULL,'2017-03-13 18:37:55','172.19.0.1'),
(36,1,9,1,NULL,'2017-03-13 18:38:09','172.19.0.1'),
(37,1,9,1,NULL,'2017-03-13 18:41:20','172.19.0.1'),
(38,1,9,1,NULL,'2017-03-13 18:43:30','172.19.0.1'),
(39,1,9,1,NULL,'2017-03-13 18:46:41','172.19.0.1'),
(40,1,9,1,NULL,'2017-03-13 18:48:05','172.19.0.1'),
(41,1,1,1,NULL,'2017-03-13 20:26:21','172.19.0.1'),
(42,1,9,1,NULL,'2017-03-13 20:26:27','172.19.0.1'),
(43,1,9,1,NULL,'2017-03-13 20:30:50','172.19.0.1'),
(44,1,9,1,NULL,'2017-03-13 20:31:31','172.19.0.1'),
(45,1,9,1,NULL,'2017-03-13 20:32:53','172.19.0.1'),
(46,1,9,1,NULL,'2017-03-13 20:33:52','172.19.0.1'),
(47,1,9,1,NULL,'2017-03-13 20:34:57','172.19.0.1'),
(48,1,9,1,NULL,'2017-03-13 20:35:25','172.19.0.1'),
(49,1,9,1,NULL,'2017-03-13 20:39:02','172.19.0.1'),
(50,1,9,1,NULL,'2017-03-13 20:40:35','172.19.0.1'),
(51,1,9,1,NULL,'2017-03-13 20:42:30','172.19.0.1'),
(52,1,9,1,NULL,'2017-03-13 20:43:55','172.19.0.1'),
(53,1,9,1,NULL,'2017-03-13 20:45:46','172.19.0.1'),
(54,1,9,1,NULL,'2017-03-13 20:46:12','172.19.0.1'),
(55,1,1,1,NULL,'2017-03-14 01:16:55','172.19.0.1'),
(56,1,9,1,NULL,'2017-03-14 01:17:02','172.19.0.1'),
(57,1,9,1,NULL,'2017-03-14 01:17:56','172.19.0.1'),
(58,1,9,1,NULL,'2017-03-14 01:19:20','172.19.0.1'),
(59,1,10,1,NULL,'2017-03-14 01:19:27','172.19.0.1'),
(60,1,10,1,NULL,'2017-03-14 01:20:02','172.19.0.1'),
(61,1,10,1,NULL,'2017-03-14 01:22:08','172.19.0.1'),
(62,1,10,1,NULL,'2017-03-14 01:32:31','172.19.0.1'),
(63,1,10,1,NULL,'2017-03-14 01:33:00','172.19.0.1'),
(64,1,10,1,NULL,'2017-03-14 01:33:21','172.19.0.1'),
(65,1,10,1,NULL,'2017-03-14 01:34:14','172.19.0.1'),
(66,1,10,1,NULL,'2017-03-14 01:34:59','172.19.0.1'),
(67,1,9,1,NULL,'2017-03-14 01:35:21','172.19.0.1'),
(68,1,9,1,NULL,'2017-03-14 01:41:21','172.19.0.1'),
(69,1,9,1,NULL,'2017-03-14 01:44:27','172.19.0.1'),
(70,1,9,1,NULL,'2017-03-14 01:48:24','172.19.0.1'),
(71,1,1,1,NULL,'2017-03-14 04:34:49','172.19.0.1'),
(72,1,9,1,NULL,'2017-03-14 04:34:52','172.19.0.1'),
(73,1,1,1,NULL,'2017-03-14 14:41:00','172.19.0.1'),
(74,1,9,1,NULL,'2017-03-14 14:41:04','172.19.0.1'),
(75,1,9,1,NULL,'2017-03-14 14:44:35','172.19.0.1'),
(76,1,9,1,NULL,'2017-03-14 14:44:53','172.19.0.1'),
(77,1,1,1,NULL,'2017-03-15 03:57:02','172.19.0.1'),
(78,1,1,1,NULL,'2017-03-15 04:18:39','172.19.0.1'),
(79,1,9,1,NULL,'2017-03-15 04:18:43','172.19.0.1'),
(80,1,9,1,NULL,'2017-03-15 04:19:41','172.19.0.1'),
(81,1,9,1,NULL,'2017-03-15 04:20:00','172.19.0.1'),
(82,1,9,1,NULL,'2017-03-15 04:20:11','172.19.0.1'),
(83,1,9,1,NULL,'2017-03-15 04:20:25','172.19.0.1'),
(84,1,9,1,NULL,'2017-03-15 04:20:37','172.19.0.1'),
(85,1,9,1,NULL,'2017-03-15 04:26:08','172.19.0.1'),
(86,1,9,1,NULL,'2017-03-15 05:21:57','172.19.0.1'),
(87,1,9,1,NULL,'2017-03-15 05:31:52','172.19.0.1'),
(88,1,9,1,NULL,'2017-03-15 05:41:57','172.19.0.1'),
(89,1,9,1,NULL,'2017-03-15 05:42:22','172.19.0.1'),
(90,1,9,1,NULL,'2017-03-15 05:42:34','172.19.0.1'),
(91,1,9,1,NULL,'2017-03-15 05:42:47','172.19.0.1'),
(92,1,9,1,NULL,'2017-03-15 05:43:29','172.19.0.1'),
(93,1,9,1,NULL,'2017-03-15 05:44:39','172.19.0.1'),
(94,1,9,1,NULL,'2017-03-15 05:47:11','172.19.0.1'),
(95,1,9,1,NULL,'2017-03-15 05:48:45','172.19.0.1'),
(96,1,9,1,NULL,'2017-03-15 05:50:13','172.19.0.1'),
(97,1,9,1,NULL,'2017-03-15 05:51:00','172.19.0.1'),
(98,1,9,1,NULL,'2017-03-15 05:51:51','172.19.0.1'),
(99,1,9,1,NULL,'2017-03-15 05:52:26','172.19.0.1'),
(100,1,9,1,NULL,'2017-03-15 05:54:35','172.19.0.1'),
(101,1,1,1,NULL,'2017-03-15 05:54:39','172.19.0.1'),
(102,1,9,1,NULL,'2017-03-15 05:54:39','172.19.0.1'),
(103,1,9,1,NULL,'2017-03-15 06:28:51','172.19.0.1'),
(104,1,9,1,NULL,'2017-03-15 06:31:48','172.19.0.1'),
(105,1,9,1,NULL,'2017-03-15 06:32:14','172.19.0.1'),
(106,1,9,1,NULL,'2017-03-15 06:33:34','172.19.0.1'),
(107,1,1,1,NULL,'2017-03-16 05:35:11','177.247.208.51'),
(108,1,1,1,NULL,'2017-03-16 05:35:25','177.247.208.51'),
(109,1,1,1,NULL,'2017-03-16 05:35:37','177.247.208.51'),
(110,1,1,1,NULL,'2017-03-16 05:37:08','177.247.208.51'),
(111,1,1,1,NULL,'2017-03-16 05:37:20','177.247.208.51'),
(112,1,10,1,NULL,'2017-03-16 05:37:26','177.247.208.51'),
(113,1,10,1,NULL,'2017-03-16 05:37:40','177.247.208.51'),
(114,1,5,1,NULL,'2017-03-16 05:37:54','177.247.208.51'),
(115,1,5,3,3,'2017-03-16 05:38:25','177.247.208.51'),
(116,1,5,3,4,'2017-03-16 05:38:47','177.247.208.51'),
(117,1,9,1,NULL,'2017-03-16 05:39:00','177.247.208.51'),
(118,1,1,1,NULL,'2017-03-16 05:44:19','177.247.208.51'),
(119,9,1,1,NULL,'2017-03-16 05:45:07','177.247.208.51'),
(120,1,1,1,NULL,'2017-03-16 14:01:12','201.175.156.198'),
(121,1,1,1,NULL,'2017-03-16 14:01:17','201.175.156.198'),
(122,9,1,1,NULL,'2017-03-16 21:39:26','189.186.128.2'),
(123,9,5,1,NULL,'2017-03-16 21:39:59','189.186.128.2'),
(124,9,1,1,NULL,'2017-03-16 23:50:24','189.186.128.2'),
(125,9,1,1,NULL,'2017-03-16 23:51:32','189.186.128.2'),
(126,9,5,1,NULL,'2017-03-16 23:56:44','189.186.128.2'),
(127,9,1,1,NULL,'2017-03-16 23:56:59','189.186.128.2'),
(128,9,5,1,NULL,'2017-03-16 23:57:42','189.186.128.2'),
(129,9,5,3,3,'2017-03-16 23:58:01','189.186.128.2'),
(130,9,5,3,3,'2017-03-16 23:58:39','189.186.128.2'),
(131,9,5,3,3,'2017-03-17 00:02:14','189.186.128.2'),
(132,9,5,3,3,'2017-03-17 00:02:34','189.186.128.2'),
(133,9,5,2,8,'2017-03-17 00:03:22','189.186.128.2'),
(134,9,6,1,NULL,'2017-03-17 00:04:37','189.186.128.2'),
(135,9,5,1,NULL,'2017-03-17 00:04:40','189.186.128.2'),
(136,9,5,3,5,'2017-03-17 00:05:10','189.186.128.2'),
(137,9,5,4,6,'2017-03-17 00:05:28','189.186.128.2'),
(138,9,5,2,9,'2017-03-17 00:06:18','189.186.128.2'),
(139,9,5,3,4,'2017-03-17 00:06:59','189.186.128.2'),
(140,9,5,4,1,'2017-03-17 00:07:10','189.186.128.2'),
(141,9,6,1,NULL,'2017-03-17 00:07:16','189.186.128.2'),
(142,9,6,2,3,'2017-03-17 00:07:47','189.186.128.2'),
(143,9,7,1,NULL,'2017-03-17 00:07:55','189.186.128.2'),
(144,9,7,2,2,'2017-03-17 00:09:17','189.186.128.2'),
(145,9,6,1,NULL,'2017-03-17 00:09:30','189.186.128.2'),
(146,9,7,1,NULL,'2017-03-17 00:09:45','189.186.128.2'),
(147,9,8,1,NULL,'2017-03-17 00:09:57','189.186.128.2'),
(148,9,8,2,3,'2017-03-17 00:10:22','189.186.128.2'),
(149,9,8,3,3,'2017-03-17 00:10:31','189.186.128.2'),
(150,9,10,1,NULL,'2017-03-17 00:10:37','189.186.128.2'),
(151,9,9,1,NULL,'2017-03-17 00:12:26','189.186.128.2'),
(152,9,10,1,NULL,'2017-03-17 00:15:22','189.186.128.2'),
(153,9,9,1,NULL,'2017-03-17 00:15:32','189.186.128.2'),
(154,9,5,1,NULL,'2017-03-17 00:16:49','189.186.128.2'),
(155,9,5,3,4,'2017-03-17 00:17:13','189.186.128.2'),
(156,9,9,1,NULL,'2017-03-17 00:17:21','189.186.128.2'),
(157,9,1,1,NULL,'2017-03-17 00:18:07','189.186.128.2'),
(158,9,9,1,NULL,'2017-03-17 00:18:14','189.186.128.2'),
(159,9,1,1,NULL,'2017-03-17 00:51:13','189.186.128.2'),
(160,9,6,1,NULL,'2017-03-17 00:57:49','189.186.128.2'),
(161,9,7,1,NULL,'2017-03-17 00:57:55','189.186.128.2'),
(162,9,1,1,NULL,'2017-03-17 00:59:49','189.186.128.2'),
(163,9,1,1,NULL,'2017-03-17 01:05:51','189.186.128.2'),
(164,9,5,1,NULL,'2017-03-17 01:10:00','189.186.128.2'),
(165,9,1,1,NULL,'2017-03-17 01:18:22','189.186.128.2'),
(166,9,7,1,NULL,'2017-03-17 01:18:24','189.186.128.2'),
(167,9,6,1,NULL,'2017-03-17 01:18:28','189.186.128.2'),
(168,9,7,1,NULL,'2017-03-17 01:18:37','189.186.128.2'),
(169,9,6,1,NULL,'2017-03-17 01:18:41','189.186.128.2'),
(170,9,7,1,NULL,'2017-03-17 01:18:48','189.186.128.2'),
(171,9,7,3,2,'2017-03-17 01:19:12','189.186.128.2'),
(172,9,6,1,NULL,'2017-03-17 01:19:31','189.186.128.2'),
(173,9,5,1,NULL,'2017-03-17 01:19:51','189.186.128.2'),
(174,9,6,1,NULL,'2017-03-17 01:19:58','189.186.128.2'),
(175,9,5,1,NULL,'2017-03-17 01:20:18','189.186.128.2'),
(176,9,6,1,NULL,'2017-03-17 01:20:22','189.186.128.2'),
(177,9,7,1,NULL,'2017-03-17 01:20:35','189.186.128.2'),
(178,9,7,3,2,'2017-03-17 01:21:12','189.186.128.2'),
(179,9,8,1,NULL,'2017-03-17 01:22:39','189.186.128.2'),
(180,9,8,2,4,'2017-03-17 01:23:11','189.186.128.2'),
(181,9,10,1,NULL,'2017-03-17 01:23:19','189.186.128.2'),
(182,9,8,1,NULL,'2017-03-17 01:24:01','189.186.128.2'),
(183,9,10,1,NULL,'2017-03-17 01:24:17','189.186.128.2'),
(184,1,1,1,NULL,'2017-03-18 20:50:28','177.247.208.51'),
(185,1,1,3,9,'2017-03-18 20:50:43','177.247.208.51'),
(186,1,9,1,NULL,'2017-03-18 22:48:57','172.19.0.1'),
(187,1,9,1,NULL,'2017-03-18 22:49:37','172.19.0.1'),
(188,1,9,1,NULL,'2017-03-18 22:50:13','172.19.0.1'),
(189,1,9,1,NULL,'2017-03-18 22:51:30','172.19.0.1'),
(190,1,11,1,NULL,'2017-03-20 03:38:03','172.22.0.1'),
(191,1,11,1,NULL,'2017-03-20 03:39:17','172.22.0.1'),
(192,1,11,1,NULL,'2017-03-20 03:39:46','172.22.0.1'),
(193,1,11,1,NULL,'2017-03-20 03:45:10','172.22.0.1'),
(194,1,11,1,NULL,'2017-03-20 03:45:27','172.22.0.1'),
(195,1,11,1,NULL,'2017-03-20 03:46:22','172.22.0.1'),
(196,1,11,1,NULL,'2017-03-20 03:49:36','172.22.0.1'),
(197,9,9,1,NULL,'2017-03-22 01:45:48','189.186.137.240'),
(198,9,9,1,NULL,'2017-03-22 01:46:50','189.186.137.240'),
(199,9,5,1,NULL,'2017-03-22 01:47:25','189.186.137.240'),
(200,9,5,3,3,'2017-03-22 01:48:10','189.186.137.240'),
(201,9,6,1,NULL,'2017-03-22 01:48:18','189.186.137.240'),
(202,9,5,1,NULL,'2017-03-22 01:48:32','189.186.137.240'),
(203,9,7,1,NULL,'2017-03-22 01:48:38','189.186.137.240'),
(204,9,7,3,2,'2017-03-22 01:49:02','189.186.137.240'),
(205,9,9,1,NULL,'2017-03-22 01:49:11','189.186.137.240'),
(206,1,11,1,NULL,'2017-03-24 04:01:59','172.22.0.1'),
(207,1,11,1,NULL,'2017-03-24 05:14:17','172.22.0.1'),
(208,1,11,1,NULL,'2017-03-24 05:18:33','172.22.0.1'),
(209,1,11,1,NULL,'2017-03-24 05:19:13','172.22.0.1'),
(210,1,11,1,NULL,'2017-03-24 05:19:57','172.22.0.1'),
(211,1,11,1,NULL,'2017-03-24 05:20:18','172.22.0.1'),
(212,1,11,1,NULL,'2017-03-24 05:21:15','172.22.0.1'),
(213,1,11,1,NULL,'2017-03-24 05:22:23','172.22.0.1'),
(214,1,11,1,NULL,'2017-03-24 05:28:58','172.22.0.1'),
(215,1,11,1,NULL,'2017-03-24 05:29:44','172.22.0.1'),
(216,1,11,1,NULL,'2017-03-24 05:32:51','172.22.0.1'),
(217,1,11,1,NULL,'2017-03-24 05:32:53','172.22.0.1'),
(218,1,11,1,NULL,'2017-03-24 05:34:01','172.22.0.1'),
(219,1,11,1,NULL,'2017-03-24 05:35:18','172.22.0.1'),
(220,1,11,1,NULL,'2017-03-24 06:03:31','172.22.0.1'),
(221,1,11,1,NULL,'2017-03-24 06:03:56','172.22.0.1'),
(222,1,11,1,NULL,'2017-03-24 06:08:16','172.22.0.1'),
(223,1,11,1,NULL,'2017-03-24 06:09:52','172.22.0.1'),
(224,1,11,1,NULL,'2017-03-24 06:18:00','172.22.0.1'),
(225,1,11,1,NULL,'2017-03-24 06:19:17','172.22.0.1'),
(226,1,11,1,NULL,'2017-03-24 15:19:26','172.22.0.1'),
(227,1,11,1,NULL,'2017-03-24 15:32:27','172.22.0.1'),
(228,1,11,1,NULL,'2017-03-24 15:33:27','172.22.0.1'),
(229,1,11,1,NULL,'2017-03-24 15:34:10','172.22.0.1'),
(230,1,11,1,NULL,'2017-03-24 15:34:58','172.22.0.1'),
(231,1,11,1,NULL,'2017-03-24 15:35:57','172.22.0.1'),
(232,1,11,1,NULL,'2017-03-24 15:36:41','172.22.0.1'),
(233,1,11,1,NULL,'2017-03-24 15:41:50','172.22.0.1'),
(234,1,11,1,NULL,'2017-03-24 15:42:28','172.22.0.1'),
(235,1,11,1,NULL,'2017-03-24 15:42:40','172.22.0.1'),
(236,1,11,1,NULL,'2017-03-24 15:42:52','172.22.0.1'),
(237,1,11,1,NULL,'2017-03-24 15:43:23','172.22.0.1'),
(238,1,11,1,NULL,'2017-03-24 15:44:38','172.22.0.1'),
(239,1,11,1,NULL,'2017-03-24 15:45:25','172.22.0.1'),
(240,1,11,1,NULL,'2017-03-24 15:45:35','172.22.0.1'),
(241,1,11,1,NULL,'2017-03-24 15:45:58','172.22.0.1'),
(242,1,11,1,NULL,'2017-03-24 15:46:17','172.22.0.1'),
(243,1,11,1,NULL,'2017-03-24 15:47:13','172.22.0.1'),
(244,1,11,1,NULL,'2017-03-24 15:47:42','172.22.0.1'),
(245,1,11,1,NULL,'2017-03-24 15:47:58','172.22.0.1'),
(246,1,11,1,NULL,'2017-03-24 15:48:20','172.22.0.1'),
(247,1,11,1,NULL,'2017-03-24 15:48:40','172.22.0.1'),
(248,1,11,1,NULL,'2017-03-24 16:18:33','172.22.0.1'),
(249,1,11,1,NULL,'2017-03-24 16:19:29','172.22.0.1'),
(250,1,11,1,NULL,'2017-03-24 16:22:59','172.22.0.1'),
(251,1,11,1,NULL,'2017-03-24 16:27:36','172.22.0.1'),
(252,1,11,1,NULL,'2017-03-24 16:28:54','172.22.0.1'),
(253,1,11,1,NULL,'2017-03-24 16:30:37','172.22.0.1'),
(254,1,11,1,NULL,'2017-03-24 16:31:51','172.22.0.1'),
(255,1,11,1,NULL,'2017-03-24 16:33:06','172.22.0.1'),
(256,1,11,1,NULL,'2017-03-24 16:35:28','172.22.0.1'),
(257,1,11,1,NULL,'2017-03-24 16:36:17','172.22.0.1'),
(258,1,11,1,NULL,'2017-03-24 16:37:11','172.22.0.1'),
(259,1,11,1,NULL,'2017-03-24 16:37:35','172.22.0.1'),
(260,1,11,1,NULL,'2017-03-24 16:38:19','172.22.0.1'),
(261,1,11,1,NULL,'2017-03-24 16:38:34','172.22.0.1'),
(262,1,11,1,NULL,'2017-03-24 16:38:58','172.22.0.1'),
(263,1,11,1,NULL,'2017-03-24 16:39:23','172.22.0.1'),
(264,1,11,1,NULL,'2017-03-24 16:41:09','172.22.0.1'),
(265,1,11,1,NULL,'2017-03-24 16:42:12','172.22.0.1'),
(266,1,11,1,NULL,'2017-03-24 16:42:58','172.22.0.1'),
(267,1,11,1,NULL,'2017-03-24 16:43:35','172.22.0.1'),
(268,1,11,1,NULL,'2017-03-24 16:44:07','172.22.0.1'),
(269,1,11,1,NULL,'2017-03-24 16:45:18','172.22.0.1'),
(270,1,11,1,NULL,'2017-03-24 16:46:33','172.22.0.1'),
(271,1,11,1,NULL,'2017-03-24 16:48:44','172.22.0.1'),
(272,1,11,1,NULL,'2017-03-24 16:50:09','172.22.0.1'),
(273,1,11,1,NULL,'2017-03-24 16:52:57','172.22.0.1'),
(274,1,11,1,NULL,'2017-03-24 17:02:05','172.22.0.1'),
(275,1,11,1,NULL,'2017-03-24 17:04:21','172.22.0.1'),
(276,1,11,1,NULL,'2017-03-24 17:07:54','172.22.0.1'),
(277,1,11,1,NULL,'2017-03-24 17:08:39','172.22.0.1'),
(278,1,11,1,NULL,'2017-03-24 17:10:04','172.22.0.1'),
(279,1,11,1,NULL,'2017-03-24 17:11:21','172.22.0.1'),
(280,1,11,1,NULL,'2017-03-24 17:13:02','172.22.0.1'),
(281,1,11,1,NULL,'2017-03-24 17:13:53','172.22.0.1'),
(282,1,11,1,NULL,'2017-03-24 17:13:54','172.22.0.1'),
(283,1,11,1,NULL,'2017-03-24 17:15:16','172.22.0.1'),
(284,1,11,1,NULL,'2017-03-24 17:16:19','172.22.0.1'),
(285,1,11,1,NULL,'2017-03-24 17:16:55','172.22.0.1'),
(286,1,11,1,NULL,'2017-03-24 17:18:00','172.22.0.1'),
(287,1,11,1,NULL,'2017-03-24 17:20:43','172.22.0.1'),
(288,1,11,1,NULL,'2017-03-24 17:21:29','172.22.0.1'),
(289,1,11,1,NULL,'2017-03-24 17:21:41','172.22.0.1'),
(290,1,11,1,NULL,'2017-03-24 17:22:29','172.22.0.1'),
(291,1,11,1,NULL,'2017-03-24 17:23:26','172.22.0.1'),
(292,1,11,1,NULL,'2017-03-24 17:23:29','172.22.0.1'),
(293,1,11,1,NULL,'2017-03-24 17:23:35','172.22.0.1'),
(294,1,11,1,NULL,'2017-03-24 17:24:41','172.22.0.1'),
(295,1,11,1,NULL,'2017-03-24 17:25:34','172.22.0.1'),
(296,1,11,1,NULL,'2017-03-24 17:27:42','172.22.0.1'),
(297,1,11,1,NULL,'2017-03-24 17:28:59','172.22.0.1'),
(298,1,11,1,NULL,'2017-03-24 17:32:08','172.22.0.1'),
(299,1,11,1,NULL,'2017-03-24 17:39:28','172.22.0.1'),
(300,1,11,1,NULL,'2017-03-24 17:40:57','172.22.0.1'),
(301,1,11,1,NULL,'2017-03-24 17:41:56','172.22.0.1'),
(302,1,11,1,NULL,'2017-03-24 17:44:44','172.22.0.1'),
(303,1,11,1,NULL,'2017-03-24 18:27:08','172.22.0.1'),
(304,1,11,1,NULL,'2017-03-24 18:30:17','172.22.0.1'),
(305,1,11,1,NULL,'2017-03-24 18:30:41','172.22.0.1'),
(306,1,11,1,NULL,'2017-03-24 18:31:07','172.22.0.1'),
(307,1,11,1,NULL,'2017-03-24 18:37:09','172.22.0.1'),
(308,1,11,1,NULL,'2017-03-24 18:37:27','172.22.0.1'),
(309,1,11,1,NULL,'2017-03-24 18:40:06','172.22.0.1'),
(310,1,11,1,NULL,'2017-03-24 18:41:39','172.22.0.1'),
(311,1,11,1,NULL,'2017-03-24 18:46:53','172.22.0.1'),
(312,1,9,1,NULL,'2017-03-24 19:11:33','177.247.208.51'),
(313,1,5,1,NULL,'2017-03-24 19:12:42','177.247.208.51'),
(314,1,11,1,NULL,'2017-03-24 19:15:04','177.247.208.51'),
(315,1,1,1,NULL,'2017-03-24 19:15:59','172.22.0.1'),
(316,1,11,1,NULL,'2017-03-24 19:16:23','177.247.208.51'),
(317,1,5,1,NULL,'2017-03-24 19:16:24','177.247.208.51'),
(318,1,5,1,NULL,'2017-03-24 19:17:27','177.247.208.51'),
(319,1,11,1,NULL,'2017-03-24 19:18:51','177.247.208.51'),
(320,1,9,1,NULL,'2017-03-25 15:24:47','172.19.0.1'),
(321,1,10,1,NULL,'2017-03-29 04:33:08','172.19.0.1'),
(322,1,10,1,NULL,'2017-03-29 04:52:41','172.19.0.1'),
(323,1,10,1,NULL,'2017-03-29 04:53:25','172.19.0.1'),
(324,1,10,1,NULL,'2017-03-29 05:00:26','172.19.0.1'),
(325,1,10,1,NULL,'2017-03-29 05:00:48','172.19.0.1'),
(326,1,10,1,NULL,'2017-03-29 14:22:14','201.140.116.253'),
(327,1,9,1,NULL,'2017-03-30 02:58:46','172.19.0.1'),
(328,1,9,1,NULL,'2017-03-30 02:59:05','172.19.0.1'),
(329,1,9,1,NULL,'2017-03-30 02:59:13','172.19.0.1'),
(330,1,9,1,NULL,'2017-03-30 02:59:48','172.19.0.1'),
(331,1,9,1,NULL,'2017-03-30 03:00:18','172.19.0.1'),
(332,1,9,1,NULL,'2017-03-30 03:06:18','172.19.0.1'),
(333,1,9,1,NULL,'2017-03-30 03:07:15','172.19.0.1'),
(334,1,9,1,NULL,'2017-03-30 04:04:16','172.19.0.1'),
(335,1,9,1,NULL,'2017-03-30 04:05:56','172.19.0.1'),
(336,1,9,1,NULL,'2017-03-30 04:12:12','172.19.0.1'),
(337,1,9,1,NULL,'2017-03-30 05:01:00','172.19.0.1'),
(338,1,9,1,NULL,'2017-03-30 05:02:56','172.19.0.1'),
(339,1,9,1,NULL,'2017-03-30 05:03:33','172.19.0.1'),
(340,1,9,1,NULL,'2017-03-30 06:08:57','172.19.0.1'),
(341,1,9,1,NULL,'2017-03-31 03:34:18','172.19.0.1'),
(342,1,9,1,NULL,'2017-03-31 03:57:41','172.19.0.1'),
(343,1,9,1,NULL,'2017-03-31 04:00:44','172.19.0.1'),
(344,1,9,1,NULL,'2017-03-31 05:09:26','172.19.0.1'),
(345,1,9,1,NULL,'2017-03-31 05:10:06','172.19.0.1'),
(346,1,9,1,NULL,'2017-03-31 05:11:52','172.19.0.1'),
(347,1,9,1,NULL,'2017-03-31 05:12:55','172.19.0.1'),
(348,1,10,1,NULL,'2017-04-02 06:37:41','189.186.218.70'),
(349,1,10,1,NULL,'2017-04-02 06:38:01','189.186.218.70'),
(350,1,10,1,NULL,'2017-04-02 06:39:39','189.186.218.70'),
(351,1,10,1,NULL,'2017-04-02 06:39:53','189.186.218.70'),
(352,1,10,1,NULL,'2017-04-02 06:40:19','189.186.218.70'),
(353,1,7,1,NULL,'2017-04-03 00:41:58','172.22.0.1'),
(354,1,7,1,NULL,'2017-04-03 00:42:23','172.22.0.1'),
(355,1,7,2,5,'2017-04-03 00:42:46','172.22.0.1'),
(356,1,7,1,NULL,'2017-04-03 00:45:43','177.247.208.51'),
(357,1,1,1,NULL,'2017-04-03 00:48:41','177.247.208.51'),
(358,1,7,1,NULL,'2017-04-03 01:51:01','189.186.218.70'),
(359,1,10,1,NULL,'2017-04-03 01:52:12','189.186.218.70'),
(360,1,9,1,NULL,'2017-04-03 01:52:30','189.186.218.70'),
(361,1,9,1,NULL,'2017-04-03 01:52:42','189.186.218.70'),
(362,1,9,1,NULL,'2017-04-03 01:54:05','189.186.218.70'),
(363,1,11,1,NULL,'2017-04-03 01:54:27','189.186.218.70'),
(364,1,11,1,NULL,'2017-04-03 01:55:14','189.186.218.70'),
(365,1,11,1,NULL,'2017-04-03 01:55:39','189.186.218.70'),
(366,1,9,1,NULL,'2017-04-03 01:55:58','189.186.218.70'),
(367,1,11,1,NULL,'2017-04-03 15:50:54','189.186.137.240'),
(368,1,9,1,NULL,'2017-04-03 15:51:09','189.186.137.240'),
(369,1,5,1,NULL,'2017-04-03 15:52:45','189.186.137.240'),
(370,1,9,1,NULL,'2017-04-03 15:55:09','189.186.137.240'),
(371,1,5,1,NULL,'2017-04-03 15:55:15','189.186.137.240'),
(372,1,6,1,NULL,'2017-04-03 15:55:28','189.186.137.240'),
(373,1,6,3,3,'2017-04-03 15:55:47','189.186.137.240'),
(374,1,6,3,3,'2017-04-03 15:56:22','189.186.137.240'),
(375,1,5,1,NULL,'2017-04-03 15:56:29','189.186.137.240'),
(376,1,6,1,NULL,'2017-04-03 15:57:35','189.186.137.240'),
(377,1,6,3,2,'2017-04-03 15:57:44','189.186.137.240'),
(378,1,6,3,3,'2017-04-03 15:57:53','189.186.137.240'),
(379,1,5,1,NULL,'2017-04-03 15:57:59','189.186.137.240'),
(380,1,6,1,NULL,'2017-04-03 15:59:01','189.186.137.240'),
(381,1,5,1,NULL,'2017-04-03 15:59:05','189.186.137.240'),
(382,1,7,1,NULL,'2017-04-03 16:02:01','189.186.137.240'),
(383,1,8,1,NULL,'2017-04-03 16:02:14','189.186.137.240'),
(384,1,10,1,NULL,'2017-04-03 16:02:27','189.186.137.240'),
(385,1,12,1,NULL,'2017-04-03 16:02:47','189.186.137.240'),
(386,1,5,1,NULL,'2017-04-03 16:05:55','201.140.116.253'),
(387,1,5,2,11,'2017-04-03 16:08:10','201.140.116.253'),
(388,1,5,1,NULL,'2017-04-03 17:28:18','201.140.116.253'),
(389,1,5,1,NULL,'2017-04-03 17:32:28','201.140.116.253'),
(390,1,5,3,3,'2017-04-03 17:32:44','201.140.116.253'),
(391,1,1,1,NULL,'2017-04-04 02:50:55','189.186.137.240'),
(392,1,1,3,12,'2017-04-04 02:51:12','189.186.137.240'),
(393,1,1,3,12,'2017-04-04 02:51:28','189.186.137.240'),
(394,1,1,3,9,'2017-04-04 02:51:49','189.186.137.240'),
(395,1,5,1,NULL,'2017-04-04 02:51:56','189.186.137.240'),
(396,1,5,4,11,'2017-04-04 02:52:09','189.186.137.240'),
(397,1,5,3,3,'2017-04-04 02:52:40','189.186.137.240'),
(398,1,5,3,3,'2017-04-04 02:52:54','189.186.137.240'),
(399,1,6,1,NULL,'2017-04-04 02:53:06','189.186.137.240'),
(400,1,7,1,NULL,'2017-04-04 02:53:29','189.186.137.240'),
(401,1,6,1,NULL,'2017-04-04 02:53:45','189.186.137.240'),
(402,1,8,1,NULL,'2017-04-04 02:54:34','189.186.137.240'),
(403,1,8,3,1,'2017-04-04 02:54:42','189.186.137.240'),
(404,1,8,3,1,'2017-04-04 02:55:04','189.186.137.240'),
(405,1,10,1,NULL,'2017-04-04 02:55:09','189.186.137.240'),
(406,1,12,1,NULL,'2017-04-04 03:09:15','189.186.137.240'),
(407,1,13,1,NULL,'2017-04-04 03:09:31','189.186.137.240'),
(408,1,12,1,NULL,'2017-04-04 03:09:36','189.186.137.240'),
(409,1,9,1,NULL,'2017-04-04 03:09:46','189.186.137.240'),
(410,1,7,1,NULL,'2017-04-04 03:10:06','189.186.137.240'),
(411,1,9,1,NULL,'2017-04-04 03:10:35','189.186.137.240'),
(412,1,7,1,NULL,'2017-04-04 03:10:43','189.186.137.240'),
(413,1,6,1,NULL,'2017-04-04 03:11:40','189.186.137.240'),
(414,1,7,1,NULL,'2017-04-04 03:11:59','189.186.137.240'),
(415,1,8,1,NULL,'2017-04-04 03:12:13','189.186.137.240'),
(416,1,8,2,7,'2017-04-04 03:12:41','189.186.137.240'),
(417,1,8,3,7,'2017-04-04 03:12:54','189.186.137.240'),
(418,1,10,1,NULL,'2017-04-04 03:13:06','189.186.137.240'),
(419,1,8,1,NULL,'2017-04-04 03:14:03','189.186.137.240'),
(420,1,8,4,7,'2017-04-04 03:14:13','189.186.137.240'),
(421,1,10,1,NULL,'2017-04-04 03:14:17','189.186.137.240'),
(422,1,12,1,NULL,'2017-04-04 03:14:24','189.186.137.240'),
(423,1,13,1,NULL,'2017-04-04 03:14:37','189.186.137.240'),
(424,1,12,1,NULL,'2017-04-04 03:14:49','189.186.137.240'),
(425,1,9,1,NULL,'2017-04-04 03:16:03','189.186.137.240'),
(426,1,8,1,NULL,'2017-04-04 03:16:20','189.186.137.240'),
(427,1,10,1,NULL,'2017-04-04 03:16:39','189.186.137.240'),
(428,1,8,1,NULL,'2017-04-04 03:17:42','189.186.137.240'),
(429,1,12,1,NULL,'2017-04-04 03:17:47','189.186.137.240'),
(430,1,6,1,NULL,'2017-04-04 03:18:10','189.186.137.240'),
(431,1,5,1,NULL,'2017-04-04 03:18:26','189.186.137.240'),
(432,1,6,1,NULL,'2017-04-04 03:18:34','189.186.137.240'),
(433,1,7,1,NULL,'2017-04-04 03:19:01','189.186.137.240'),
(434,1,6,1,NULL,'2017-04-04 03:24:05','189.186.137.240'),
(435,1,7,1,NULL,'2017-04-04 03:24:09','189.186.137.240'),
(436,1,8,1,NULL,'2017-04-04 03:25:19','189.186.137.240'),
(437,1,7,1,NULL,'2017-04-04 03:25:23','189.186.137.240'),
(438,1,6,1,NULL,'2017-04-04 03:25:37','189.186.137.240'),
(439,1,7,1,NULL,'2017-04-04 03:25:48','189.186.137.240'),
(440,1,7,3,1,'2017-04-04 03:31:24','189.186.137.240'),
(441,1,6,1,NULL,'2017-04-04 03:31:47','189.186.137.240'),
(442,1,6,3,1,'2017-04-04 03:32:05','189.186.137.240'),
(443,1,6,3,2,'2017-04-04 03:32:31','189.186.137.240'),
(444,1,6,2,4,'2017-04-04 03:33:00','189.186.137.240'),
(445,1,7,1,NULL,'2017-04-04 03:33:13','189.186.137.240'),
(446,1,9,1,NULL,'2017-04-04 03:34:39','189.186.137.240'),
(447,1,13,1,NULL,'2017-04-04 03:35:22','189.186.137.240'),
(448,1,7,1,NULL,'2017-04-04 03:35:31','189.186.137.240'),
(449,1,9,1,NULL,'2017-04-04 14:41:32','187.149.170.182'),
(450,1,7,1,NULL,'2017-04-04 14:42:11','187.149.170.182'),
(451,1,7,3,1,'2017-04-04 14:43:13','187.149.170.182'),
(452,1,6,1,NULL,'2017-04-04 14:43:44','187.149.170.182'),
(453,1,7,1,NULL,'2017-04-04 14:43:52','187.149.170.182'),
(454,1,7,3,1,'2017-04-04 14:44:06','187.149.170.182'),
(455,1,7,3,1,'2017-04-04 14:44:27','187.149.170.182'),
(456,1,7,3,1,'2017-04-04 14:45:13','187.149.170.182'),
(457,1,7,3,1,'2017-04-04 14:45:26','187.149.170.182'),
(458,1,7,3,1,'2017-04-04 14:46:29','187.149.170.182'),
(459,1,7,3,5,'2017-04-04 14:46:52','187.149.170.182'),
(460,1,9,1,NULL,'2017-04-04 14:48:18','187.149.170.182'),
(461,1,5,1,NULL,'2017-04-04 14:49:40','187.149.170.182'),
(462,1,10,1,NULL,'2017-04-04 14:50:13','187.149.170.182'),
(463,1,7,1,NULL,'2017-04-04 14:59:08','201.140.116.253'),
(464,1,7,3,1,'2017-04-04 14:59:18','201.140.116.253'),
(465,1,7,1,NULL,'2017-04-04 15:17:29','201.140.116.253'),
(466,1,7,3,1,'2017-04-04 15:17:40','201.140.116.253'),
(467,1,7,3,1,'2017-04-04 15:17:49','201.140.116.253'),
(468,1,7,1,NULL,'2017-04-04 15:23:59','201.140.116.253'),
(469,1,1,1,NULL,'2017-04-04 19:22:17','187.149.170.182'),
(470,1,1,3,12,'2017-04-04 19:22:44','187.149.170.182'),
(471,12,9,1,NULL,'2017-04-04 19:23:25','187.149.170.182'),
(472,12,12,1,NULL,'2017-04-04 19:23:42','187.149.170.182'),
(473,1,1,1,NULL,'2017-04-04 19:27:05','187.149.170.182'),
(474,1,5,1,NULL,'2017-04-04 19:27:13','187.149.170.182'),
(475,1,6,1,NULL,'2017-04-04 19:36:58','187.149.170.182'),
(476,1,7,1,NULL,'2017-04-04 19:39:23','187.149.170.182'),
(477,1,8,1,NULL,'2017-04-04 19:39:36','187.149.170.182'),
(478,1,10,1,NULL,'2017-04-04 19:39:44','187.149.170.182'),
(479,1,5,1,NULL,'2017-04-04 19:41:58','187.149.170.182'),
(480,1,6,1,NULL,'2017-04-04 19:42:04','187.149.170.182'),
(481,1,7,1,NULL,'2017-04-04 19:42:08','187.149.170.182'),
(482,1,6,1,NULL,'2017-04-04 19:42:22','187.149.170.182'),
(483,1,7,1,NULL,'2017-04-04 19:42:34','187.149.170.182'),
(484,1,7,3,1,'2017-04-04 19:43:59','187.149.170.182'),
(485,1,7,3,1,'2017-04-04 19:46:17','187.149.170.182'),
(486,1,7,3,1,'2017-04-04 19:47:10','187.149.170.182'),
(487,1,7,3,1,'2017-04-04 19:47:40','187.149.170.182'),
(488,1,8,1,NULL,'2017-04-04 19:52:11','187.149.170.182'),
(489,1,10,1,NULL,'2017-04-04 19:52:16','187.149.170.182'),
(490,1,9,1,NULL,'2017-04-04 19:53:37','187.149.170.182'),
(491,1,7,1,NULL,'2017-04-04 19:54:32','187.149.170.182'),
(492,1,7,3,1,'2017-04-04 19:55:28','187.149.170.182'),
(493,1,10,1,NULL,'2017-04-04 19:55:37','187.149.170.182'),
(494,1,7,1,NULL,'2017-04-04 19:55:52','187.149.170.182'),
(495,1,7,3,1,'2017-04-04 19:57:21','187.149.170.182'),
(496,1,7,3,1,'2017-04-04 19:57:35','187.149.170.182'),
(497,1,9,1,NULL,'2017-04-04 19:57:52','187.149.170.182'),
(498,1,5,1,NULL,'2017-04-04 19:59:40','187.149.170.182'),
(499,1,5,3,3,'2017-04-04 20:00:11','187.149.170.182'),
(500,1,5,3,3,'2017-04-04 20:00:29','187.149.170.182'),
(501,1,5,3,3,'2017-04-04 20:00:56','187.149.170.182'),
(502,1,9,1,NULL,'2017-04-04 20:01:06','187.149.170.182'),
(503,1,5,1,NULL,'2017-04-04 20:01:30','187.149.170.182'),
(504,1,5,3,3,'2017-04-04 20:01:44','187.149.170.182'),
(505,1,9,1,NULL,'2017-04-04 20:01:50','187.149.170.182'),
(506,1,6,1,NULL,'2017-04-04 20:02:27','187.149.170.182'),
(507,1,9,1,NULL,'2017-04-04 20:02:31','187.149.170.182'),
(508,1,8,1,NULL,'2017-04-04 20:06:37','187.149.170.182'),
(509,1,10,1,NULL,'2017-04-04 23:02:18','201.140.116.253'),
(510,1,9,1,NULL,'2017-04-04 23:04:16','201.140.116.253'),
(511,1,7,1,NULL,'2017-04-04 23:04:52','201.140.116.253'),
(512,1,9,1,NULL,'2017-04-04 23:05:31','201.140.116.253'),
(513,1,9,1,NULL,'2017-04-04 23:09:22','201.140.116.253'),
(514,1,5,1,NULL,'2017-04-05 02:05:33','189.186.137.240'),
(515,1,5,3,3,'2017-04-05 02:08:35','189.186.137.240'),
(516,1,6,1,NULL,'2017-04-05 02:08:53','189.186.137.240'),
(517,1,5,1,NULL,'2017-04-05 02:10:09','189.186.137.240'),
(518,1,6,1,NULL,'2017-04-05 02:13:33','189.186.137.240'),
(519,1,7,1,NULL,'2017-04-05 02:23:40','189.186.137.240'),
(520,1,6,1,NULL,'2017-04-05 02:24:43','189.186.137.240'),
(521,1,7,1,NULL,'2017-04-05 02:24:52','189.186.137.240'),
(522,1,6,1,NULL,'2017-04-05 02:27:29','189.186.137.240'),
(523,1,5,1,NULL,'2017-04-05 02:28:56','189.186.137.240'),
(524,1,7,1,NULL,'2017-04-05 02:29:04','189.186.137.240'),
(525,1,8,1,NULL,'2017-04-05 02:33:34','189.186.137.240'),
(526,1,10,1,NULL,'2017-04-05 02:34:20','189.186.137.240'),
(527,1,9,1,NULL,'2017-04-05 02:39:46','189.186.137.240'),
(528,1,9,1,NULL,'2017-04-05 02:40:25','189.186.137.240'),
(529,1,10,1,NULL,'2017-04-05 02:40:29','189.186.137.240'),
(530,1,9,1,NULL,'2017-04-05 02:41:18','189.186.137.240'),
(531,1,10,1,NULL,'2017-04-05 02:47:17','189.186.137.240'),
(532,1,9,1,NULL,'2017-04-05 02:47:24','189.186.137.240'),
(533,1,10,1,NULL,'2017-04-05 02:48:12','189.186.137.240'),
(534,1,9,1,NULL,'2017-04-05 02:48:22','189.186.137.240'),
(535,1,10,1,NULL,'2017-04-05 02:49:41','189.186.137.240'),
(536,1,8,1,NULL,'2017-04-05 02:49:41','189.186.137.240'),
(537,1,9,1,NULL,'2017-04-05 02:49:49','189.186.137.240'),
(538,1,8,1,NULL,'2017-04-05 02:49:50','189.186.137.240'),
(539,1,9,1,NULL,'2017-04-05 02:49:58','189.186.137.240'),
(540,1,12,1,NULL,'2017-04-05 02:51:15','189.186.137.240'),
(541,1,9,1,NULL,'2017-04-05 04:05:59','189.186.218.70'),
(542,1,9,1,NULL,'2017-04-05 04:09:14','189.186.218.70'),
(543,1,9,1,NULL,'2017-04-05 04:10:29','189.186.218.70'),
(544,1,9,1,NULL,'2017-04-05 04:15:57','189.186.218.70'),
(545,1,12,1,NULL,'2017-04-05 04:16:26','189.186.218.70'),
(546,1,13,1,NULL,'2017-04-05 04:23:12','189.186.218.70'),
(547,1,13,3,40,'2017-04-05 04:23:16','189.186.218.70'),
(548,1,9,1,NULL,'2017-04-05 14:08:34','201.140.116.253'),
(549,1,7,1,NULL,'2017-04-06 04:33:00','172.20.0.1'),
(550,1,7,1,NULL,'2017-04-06 04:45:05','172.20.0.1'),
(551,1,7,1,NULL,'2017-04-06 04:45:21','172.20.0.1'),
(552,1,7,1,NULL,'2017-04-06 04:45:39','172.20.0.1'),
(553,1,7,1,NULL,'2017-04-06 04:47:29','172.20.0.1'),
(554,1,7,1,NULL,'2017-04-06 05:16:35','172.20.0.1'),
(555,1,7,1,NULL,'2017-04-06 05:16:38','172.20.0.1'),
(556,1,7,2,6,'2017-04-06 05:17:07','172.20.0.1'),
(557,1,7,1,NULL,'2017-04-06 05:19:09','172.20.0.1'),
(558,1,7,3,1,'2017-04-06 05:19:27','172.20.0.1'),
(559,1,7,1,NULL,'2017-04-06 05:24:07','172.20.0.1'),
(560,1,7,1,NULL,'2017-04-06 05:25:06','172.20.0.1'),
(561,1,7,1,NULL,'2017-04-06 05:25:41','172.20.0.1'),
(562,1,7,1,NULL,'2017-04-06 05:28:11','172.20.0.1'),
(563,1,7,1,NULL,'2017-04-06 05:28:41','172.20.0.1'),
(564,1,7,1,NULL,'2017-04-06 05:28:54','172.20.0.1'),
(565,1,7,1,NULL,'2017-04-06 05:29:23','172.20.0.1'),
(566,1,7,1,NULL,'2017-04-06 05:29:37','172.20.0.1'),
(567,1,7,1,NULL,'2017-04-06 05:32:05','172.20.0.1'),
(568,1,7,1,NULL,'2017-04-06 05:32:34','172.20.0.1'),
(569,1,7,1,NULL,'2017-04-06 05:33:29','172.20.0.1'),
(570,1,7,1,NULL,'2017-04-06 05:34:16','172.20.0.1'),
(571,1,7,1,NULL,'2017-04-06 05:34:28','172.20.0.1'),
(572,1,7,1,NULL,'2017-04-06 05:35:11','172.20.0.1'),
(573,1,7,1,NULL,'2017-04-06 05:35:20','172.20.0.1'),
(574,1,7,1,NULL,'2017-04-06 05:35:55','172.20.0.1'),
(575,1,7,1,NULL,'2017-04-06 05:42:37','172.20.0.1'),
(576,1,7,1,NULL,'2017-04-06 05:44:10','172.20.0.1'),
(577,1,7,1,NULL,'2017-04-06 05:44:30','172.20.0.1'),
(578,1,7,1,NULL,'2017-04-06 05:45:01','172.20.0.1'),
(579,1,7,1,NULL,'2017-04-06 05:45:19','172.20.0.1'),
(580,1,7,1,NULL,'2017-04-06 05:45:45','172.20.0.1'),
(581,1,7,1,NULL,'2017-04-06 05:46:32','172.20.0.1'),
(582,1,7,1,NULL,'2017-04-06 05:47:14','172.20.0.1'),
(583,1,7,1,NULL,'2017-04-06 05:47:53','172.20.0.1'),
(584,1,7,1,NULL,'2017-04-06 05:58:52','172.20.0.1'),
(585,1,7,1,NULL,'2017-04-06 05:59:15','172.20.0.1'),
(586,1,7,1,NULL,'2017-04-06 06:00:13','172.20.0.1'),
(587,1,7,2,7,'2017-04-06 06:00:46','172.20.0.1'),
(588,1,7,1,NULL,'2017-04-06 06:08:29','172.20.0.1'),
(589,1,7,2,8,'2017-04-06 06:09:01','172.20.0.1'),
(590,1,7,1,NULL,'2017-04-06 06:09:48','172.20.0.1'),
(591,1,7,1,NULL,'2017-04-06 06:10:58','172.20.0.1'),
(592,1,7,1,NULL,'2017-04-06 06:13:06','172.20.0.1'),
(593,1,7,1,NULL,'2017-04-06 06:17:43','172.20.0.1'),
(594,1,7,2,9,'2017-04-06 06:18:38','172.20.0.1'),
(595,1,7,2,10,'2017-04-06 06:21:19','172.20.0.1'),
(596,1,7,3,7,'2017-04-06 06:23:10','172.20.0.1'),
(597,1,7,1,NULL,'2017-04-06 06:23:42','172.20.0.1'),
(598,1,7,1,NULL,'2017-04-06 06:24:11','172.20.0.1'),
(599,1,7,1,NULL,'2017-04-06 06:25:59','172.20.0.1'),
(600,1,7,1,NULL,'2017-04-06 06:31:22','172.20.0.1'),
(601,1,7,1,NULL,'2017-04-06 06:32:55','172.20.0.1'),
(602,1,7,1,NULL,'2017-04-06 06:34:52','172.20.0.1'),
(603,1,7,1,NULL,'2017-04-06 06:35:11','172.20.0.1'),
(604,1,7,1,NULL,'2017-04-06 06:36:56','172.20.0.1'),
(605,1,7,1,NULL,'2017-04-06 06:37:04','172.20.0.1'),
(606,1,7,1,NULL,'2017-04-06 06:37:31','172.20.0.1'),
(607,1,7,1,NULL,'2017-04-06 06:38:00','172.20.0.1'),
(608,1,7,1,NULL,'2017-04-06 06:40:20','172.20.0.1'),
(609,1,7,3,7,'2017-04-06 06:41:10','172.20.0.1'),
(610,1,7,2,11,'2017-04-06 06:43:16','172.20.0.1'),
(611,1,1,1,NULL,'2017-04-06 06:44:14','172.20.0.1'),
(612,1,1,1,NULL,'2017-04-06 06:48:07','172.20.0.1'),
(613,1,1,1,NULL,'2017-04-06 06:48:40','172.20.0.1'),
(614,1,1,1,NULL,'2017-04-06 06:50:46','172.20.0.1'),
(615,1,1,2,13,'2017-04-06 06:51:50','172.20.0.1'),
(616,13,6,1,NULL,'2017-04-06 06:54:21','177.247.208.51'),
(617,13,7,1,NULL,'2017-04-06 06:54:29','177.247.208.51'),
(618,1,7,1,NULL,'2017-04-06 06:55:28','172.20.0.1'),
(619,1,7,1,NULL,'2017-04-06 06:59:12','172.20.0.1'),
(620,1,7,1,NULL,'2017-04-06 07:03:09','177.247.208.51'),
(621,1,7,3,1,'2017-04-06 07:09:01','172.20.0.1'),
(622,1,7,3,1,'2017-04-06 07:09:43','172.20.0.1'),
(623,1,7,3,1,'2017-04-06 07:11:30','172.20.0.1'),
(624,1,7,3,1,'2017-04-06 07:11:46','172.20.0.1'),
(625,1,7,3,1,'2017-04-06 07:12:12','172.20.0.1'),
(626,1,7,3,1,'2017-04-06 07:13:15','172.20.0.1'),
(627,1,7,3,3,'2017-04-06 07:14:16','172.20.0.1'),
(628,1,7,1,NULL,'2017-04-06 07:17:06','177.247.208.51'),
(629,1,9,1,NULL,'2017-04-06 14:35:24','201.140.116.253'),
(630,1,9,1,NULL,'2017-04-06 14:54:13','201.140.116.253'),
(631,1,7,1,NULL,'2017-04-06 14:59:26','201.140.116.253'),
(632,1,9,1,NULL,'2017-04-06 15:00:02','201.140.116.253'),
(633,1,9,1,NULL,'2017-04-06 17:58:36','189.186.137.240'),
(634,13,9,1,NULL,'2017-04-06 17:59:44','189.186.137.240'),
(635,13,1,1,NULL,'2017-04-06 18:01:44','189.186.137.240'),
(636,13,6,1,NULL,'2017-04-06 18:15:16','189.186.137.240'),
(637,1,1,1,NULL,'2017-04-06 18:16:15','201.175.158.110'),
(638,1,1,3,9,'2017-04-06 18:16:22','201.175.158.110'),
(639,1,1,3,1,'2017-04-06 18:16:35','201.175.158.110'),
(640,13,7,1,NULL,'2017-04-06 18:17:01','189.186.137.240'),
(641,13,6,1,NULL,'2017-04-06 18:17:35','189.186.137.240'),
(642,13,6,4,1,'2017-04-06 18:17:47','189.186.137.240'),
(643,13,6,4,2,'2017-04-06 18:17:53','189.186.137.240'),
(644,13,6,4,3,'2017-04-06 18:17:55','189.186.137.240'),
(645,13,6,4,4,'2017-04-06 18:17:58','189.186.137.240'),
(646,13,6,2,5,'2017-04-06 18:18:14','189.186.137.240'),
(647,13,6,2,6,'2017-04-06 18:18:30','189.186.137.240'),
(648,13,6,2,7,'2017-04-06 18:19:09','189.186.137.240'),
(649,13,7,1,NULL,'2017-04-06 18:19:20','189.186.137.240'),
(650,13,6,1,NULL,'2017-04-06 18:52:18','189.186.137.240'),
(651,13,7,1,NULL,'2017-04-06 18:52:28','189.186.137.240'),
(652,1,5,1,NULL,'2017-04-06 18:54:53','189.186.137.240'),
(653,1,5,4,10,'2017-04-06 18:55:00','189.186.137.240'),
(654,1,9,1,NULL,'2017-04-06 18:55:05','189.186.137.240'),
(655,1,7,1,NULL,'2017-04-06 18:57:24','189.186.137.240'),
(656,1,7,3,1,'2017-04-06 18:59:01','189.186.137.240'),
(657,13,1,1,NULL,'2017-04-06 19:00:08','189.186.137.240'),
(658,13,7,1,NULL,'2017-04-06 19:02:08','189.186.137.240'),
(659,13,6,1,NULL,'2017-04-06 19:02:16','189.186.137.240'),
(660,13,7,1,NULL,'2017-04-06 19:03:01','189.186.137.240'),
(661,13,7,3,4,'2017-04-06 19:03:52','189.186.137.240'),
(662,13,6,1,NULL,'2017-04-06 19:07:17','189.186.137.240'),
(663,13,6,2,8,'2017-04-06 19:07:30','189.186.137.240'),
(664,13,7,1,NULL,'2017-04-06 19:09:16','189.186.137.240'),
(665,13,6,1,NULL,'2017-04-06 19:09:40','189.186.137.240'),
(666,13,7,1,NULL,'2017-04-06 19:09:45','189.186.137.240'),
(667,1,7,1,NULL,'2017-04-06 19:10:22','189.186.137.240'),
(668,1,5,1,NULL,'2017-04-06 19:11:56','189.186.137.240'),
(669,1,5,3,3,'2017-04-06 19:12:13','189.186.137.240'),
(670,1,6,1,NULL,'2017-04-06 19:12:21','189.186.137.240'),
(671,1,6,2,9,'2017-04-06 19:12:45','189.186.137.240'),
(672,1,6,4,9,'2017-04-06 19:12:52','189.186.137.240'),
(673,1,6,2,10,'2017-04-06 19:13:59','189.186.137.240'),
(674,1,6,2,11,'2017-04-06 19:14:18','189.186.137.240'),
(675,1,5,1,NULL,'2017-04-06 19:15:12','189.186.137.240'),
(676,1,5,3,3,'2017-04-06 19:19:43','189.186.137.240'),
(677,1,5,3,3,'2017-04-06 19:20:06','189.186.137.240'),
(678,1,7,1,NULL,'2017-04-06 19:23:19','189.186.137.240'),
(679,1,6,1,NULL,'2017-04-06 19:27:58','189.186.137.240'),
(680,1,7,1,NULL,'2017-04-06 19:28:02','189.186.137.240'),
(681,1,6,1,NULL,'2017-04-06 19:29:14','189.186.137.240'),
(682,1,6,4,10,'2017-04-06 19:33:04','189.186.137.240'),
(683,1,6,2,12,'2017-04-06 19:50:33','189.186.137.240'),
(684,1,7,1,NULL,'2017-04-06 19:50:47','189.186.137.240'),
(685,1,6,1,NULL,'2017-04-06 19:53:37','189.186.137.240'),
(686,1,6,3,6,'2017-04-06 19:53:58','189.186.137.240'),
(687,1,6,3,6,'2017-04-06 19:54:09','189.186.137.240'),
(688,1,6,3,5,'2017-04-06 19:54:17','189.186.137.240'),
(689,1,6,4,11,'2017-04-06 19:54:26','189.186.137.240'),
(690,1,6,4,12,'2017-04-06 19:54:30','189.186.137.240'),
(691,1,6,3,8,'2017-04-06 19:54:58','189.186.137.240'),
(692,1,6,3,7,'2017-04-06 19:55:37','189.186.137.240'),
(693,1,6,3,5,'2017-04-06 19:59:21','189.186.137.240'),
(694,1,6,3,6,'2017-04-06 19:59:29','189.186.137.240'),
(695,1,6,3,8,'2017-04-06 19:59:44','189.186.137.240'),
(696,1,6,3,7,'2017-04-06 19:59:53','189.186.137.240'),
(697,1,7,1,NULL,'2017-04-06 20:01:38','189.186.137.240'),
(698,1,5,1,NULL,'2017-04-06 20:02:44','189.186.137.240'),
(699,1,5,3,3,'2017-04-06 20:03:16','189.186.137.240'),
(700,1,9,1,NULL,'2017-04-06 20:03:32','189.186.137.240'),
(701,1,8,1,NULL,'2017-04-06 20:03:55','189.186.137.240'),
(702,1,10,1,NULL,'2017-04-06 20:04:30','189.186.137.240'),
(703,1,5,1,NULL,'2017-04-06 20:05:03','189.186.137.240'),
(704,1,5,3,3,'2017-04-06 20:05:53','189.186.137.240'),
(705,1,8,1,NULL,'2017-04-06 20:06:12','189.186.137.240'),
(706,1,8,3,4,'2017-04-06 20:06:20','189.186.137.240'),
(707,1,7,1,NULL,'2017-04-06 20:06:37','189.186.137.240'),
(708,1,7,3,1,'2017-04-06 20:07:14','189.186.137.240'),
(709,1,10,1,NULL,'2017-04-06 20:07:21','189.186.137.240'),
(710,1,7,1,NULL,'2017-04-06 20:07:47','189.186.137.240'),
(711,1,7,3,1,'2017-04-06 20:08:07','189.186.137.240'),
(712,1,7,3,1,'2017-04-06 20:08:48','189.186.137.240'),
(713,1,7,3,1,'2017-04-06 20:09:16','189.186.137.240'),
(714,1,8,1,NULL,'2017-04-06 20:10:13','189.186.137.240'),
(715,1,10,1,NULL,'2017-04-06 20:10:18','189.186.137.240'),
(716,1,7,1,NULL,'2017-04-06 20:10:48','189.186.137.240'),
(717,1,5,1,NULL,'2017-04-06 20:10:59','189.186.137.240'),
(718,1,7,1,NULL,'2017-04-06 20:11:13','189.186.137.240'),
(719,1,10,1,NULL,'2017-04-06 20:13:34','189.186.137.240'),
(720,1,7,1,NULL,'2017-04-06 20:14:33','189.186.137.240'),
(721,1,5,1,NULL,'2017-04-06 20:14:45','189.186.137.240'),
(722,1,7,1,NULL,'2017-04-06 20:14:53','189.186.137.240'),
(723,1,10,1,NULL,'2017-04-06 20:15:35','189.186.137.240'),
(724,1,8,1,NULL,'2017-04-06 20:27:16','189.186.137.240'),
(725,1,10,1,NULL,'2017-04-06 20:27:19','189.186.137.240'),
(726,1,9,1,NULL,'2017-04-06 20:28:22','189.186.137.240'),
(727,1,5,1,NULL,'2017-04-06 20:31:58','189.186.137.240'),
(728,1,7,1,NULL,'2017-04-06 20:32:09','189.186.137.240'),
(729,1,9,1,NULL,'2017-04-06 20:32:54','189.186.137.240'),
(730,1,1,1,NULL,'2017-04-07 14:36:25','177.247.208.51'),
(731,1,1,1,NULL,'2017-04-07 17:08:29','189.186.137.240'),
(732,1,9,1,NULL,'2017-04-07 17:09:07','189.186.137.240'),
(733,1,10,1,NULL,'2017-04-07 17:09:48','189.186.137.240'),
(734,1,9,1,NULL,'2017-04-08 03:13:14','189.186.218.70'),
(735,1,9,1,NULL,'2017-04-08 03:23:51','189.186.218.70'),
(736,1,9,1,NULL,'2017-04-08 03:38:10','189.186.218.70'),
(737,1,9,1,NULL,'2017-04-08 03:39:12','189.186.218.70'),
(738,1,7,1,NULL,'2017-04-08 03:54:45','189.186.218.70'),
(739,1,9,1,NULL,'2017-04-08 21:46:00','189.186.218.70'),
(740,1,9,1,NULL,'2017-04-08 21:46:42','189.186.218.70'),
(741,1,9,1,NULL,'2017-04-08 21:55:15','189.186.218.70'),
(742,1,9,1,NULL,'2017-04-08 21:57:07','172.19.0.1'),
(743,1,9,1,NULL,'2017-04-08 21:58:29','172.19.0.1'),
(744,1,9,1,NULL,'2017-04-08 21:59:42','172.19.0.1'),
(745,1,9,1,NULL,'2017-04-08 22:00:03','172.19.0.1'),
(746,1,9,1,NULL,'2017-04-08 22:00:49','172.19.0.1'),
(747,1,9,1,NULL,'2017-04-08 22:05:16','172.19.0.1'),
(748,1,9,1,NULL,'2017-04-08 22:05:35','172.19.0.1'),
(749,1,9,1,NULL,'2017-04-08 22:06:01','172.19.0.1'),
(750,1,9,1,NULL,'2017-04-08 22:09:13','172.19.0.1'),
(751,1,9,1,NULL,'2017-04-08 22:09:51','172.19.0.1'),
(752,1,9,1,NULL,'2017-04-08 22:11:25','172.19.0.1'),
(753,1,9,1,NULL,'2017-04-08 22:11:38','172.19.0.1'),
(754,1,9,1,NULL,'2017-04-08 22:11:57','172.19.0.1'),
(755,1,9,1,NULL,'2017-04-08 22:13:00','172.19.0.1'),
(756,1,9,1,NULL,'2017-04-08 22:13:22','172.19.0.1'),
(757,1,9,1,NULL,'2017-04-08 22:19:31','172.19.0.1'),
(758,1,1,1,NULL,'2017-04-09 23:32:49','200.92.134.122'),
(759,1,5,1,NULL,'2017-04-10 14:36:13','187.149.170.182'),
(760,1,7,1,NULL,'2017-04-10 14:36:18','187.149.170.182'),
(761,1,8,1,NULL,'2017-04-10 14:37:22','187.149.170.182'),
(762,1,10,1,NULL,'2017-04-10 14:37:34','187.149.170.182'),
(763,1,12,1,NULL,'2017-04-10 14:38:35','187.149.170.182'),
(764,1,9,1,NULL,'2017-04-10 14:38:42','187.149.170.182'),
(765,1,12,1,NULL,'2017-04-10 14:39:00','187.149.170.182'),
(766,1,9,1,NULL,'2017-04-10 14:39:09','187.149.170.182'),
(767,1,7,1,NULL,'2017-04-10 14:39:59','187.149.170.182'),
(768,1,7,3,1,'2017-04-10 14:41:23','187.149.170.182'),
(769,1,9,1,NULL,'2017-04-10 14:41:30','187.149.170.182'),
(770,1,6,1,NULL,'2017-04-10 14:42:13','187.149.170.182'),
(771,1,7,1,NULL,'2017-04-10 14:42:20','187.149.170.182'),
(772,1,9,1,NULL,'2017-04-10 14:43:13','187.149.170.182'),
(773,1,7,1,NULL,'2017-04-10 14:44:11','187.149.170.182'),
(774,1,7,3,4,'2017-04-10 14:44:32','187.149.170.182'),
(775,1,6,1,NULL,'2017-04-10 14:44:39','187.149.170.182'),
(776,1,10,1,NULL,'2017-04-10 14:44:44','187.149.170.182'),
(777,1,7,1,NULL,'2017-04-10 14:45:44','187.149.170.182'),
(778,1,9,1,NULL,'2017-04-10 14:46:16','187.149.170.182'),
(779,1,7,1,NULL,'2017-04-10 14:46:58','187.149.170.182'),
(780,1,9,1,NULL,'2017-04-10 14:48:23','187.149.170.182'),
(781,1,9,1,NULL,'2017-04-10 14:49:04','201.140.116.253'),
(782,1,5,1,NULL,'2017-04-10 14:49:20','187.149.170.182'),
(783,1,7,1,NULL,'2017-04-10 14:49:26','187.149.170.182'),
(784,1,9,1,NULL,'2017-04-10 14:51:21','187.149.170.182'),
(785,1,9,1,NULL,'2017-04-10 14:52:53','201.140.116.253'),
(786,1,8,1,NULL,'2017-04-10 14:53:05','187.149.170.182'),
(787,1,7,1,NULL,'2017-04-10 14:53:13','187.149.170.182'),
(788,1,7,1,NULL,'2017-04-10 14:53:35','201.140.116.253'),
(789,1,9,1,NULL,'2017-04-10 14:54:15','187.149.170.182'),
(790,1,7,1,NULL,'2017-04-10 14:56:06','201.140.116.253'),
(791,1,9,1,NULL,'2017-04-10 14:56:21','201.140.116.253'),
(792,1,7,1,NULL,'2017-04-10 14:56:24','187.149.170.182'),
(793,1,9,1,NULL,'2017-04-10 14:57:05','187.149.170.182'),
(794,1,7,1,NULL,'2017-04-10 14:57:17','187.149.170.182'),
(795,1,9,1,NULL,'2017-04-10 14:58:44','187.149.170.182'),
(796,1,8,1,NULL,'2017-04-10 15:00:50','187.149.170.182'),
(797,1,9,1,NULL,'2017-04-10 15:22:43','201.140.116.253'),
(798,1,7,1,NULL,'2017-04-10 15:26:53','201.140.116.253'),
(799,1,9,1,NULL,'2017-04-10 15:40:10','187.149.170.182'),
(800,1,7,1,NULL,'2017-04-10 15:40:20','187.149.170.182'),
(801,1,6,1,NULL,'2017-04-10 15:41:15','187.149.170.182'),
(802,1,7,1,NULL,'2017-04-10 15:41:22','187.149.170.182'),
(803,1,7,3,1,'2017-04-10 15:41:28','187.149.170.182'),
(804,1,9,1,NULL,'2017-04-10 15:41:51','187.149.170.182'),
(805,1,9,1,NULL,'2017-04-10 15:46:04','201.140.116.253'),
(806,1,9,1,NULL,'2017-04-10 15:46:06','201.140.116.253'),
(807,1,5,1,NULL,'2017-04-10 15:49:27','187.149.170.182'),
(808,1,9,1,NULL,'2017-04-10 15:49:33','187.149.170.182'),
(809,1,7,1,NULL,'2017-04-10 16:06:48','187.149.170.182'),
(810,1,9,1,NULL,'2017-04-10 16:10:23','187.149.170.182'),
(811,1,9,1,NULL,'2017-04-11 05:00:09','189.186.218.70'),
(812,1,9,1,NULL,'2017-04-11 05:00:30','189.186.218.70'),
(813,1,7,1,NULL,'2017-04-11 05:00:35','189.186.218.70'),
(814,1,7,3,1,'2017-04-11 05:00:58','189.186.218.70'),
(815,1,9,1,NULL,'2017-04-11 05:31:53','189.186.218.70'),
(816,1,10,1,NULL,'2017-04-11 15:13:19','187.149.170.182'),
(817,1,7,1,NULL,'2017-04-11 15:13:26','187.149.170.182'),
(818,1,7,3,1,'2017-04-11 15:14:04','187.149.170.182'),
(819,1,9,1,NULL,'2017-04-11 15:14:10','187.149.170.182'),
(820,1,9,1,NULL,'2017-04-11 15:21:41','201.140.116.253'),
(821,1,9,1,NULL,'2017-04-11 19:41:22','187.149.170.182'),
(822,1,1,1,NULL,'2017-04-11 19:47:32','187.149.170.182'),
(823,1,9,1,NULL,'2017-04-19 23:49:02','201.140.116.253'),
(824,1,9,1,NULL,'2017-04-22 19:15:03','187.149.230.57'),
(825,1,9,1,NULL,'2017-04-22 19:19:43','187.149.230.57'),
(826,1,9,1,NULL,'2017-04-24 04:41:07','187.149.230.57'),
(827,1,9,1,NULL,'2017-04-24 04:43:19','187.149.230.57'),
(828,1,1,1,NULL,'2017-04-24 12:30:51','187.149.172.88'),
(829,1,6,1,NULL,'2017-04-24 12:31:07','187.149.172.88'),
(830,1,7,1,NULL,'2017-04-24 12:31:31','187.149.172.88'),
(831,1,6,1,NULL,'2017-04-24 12:32:19','187.149.172.88'),
(832,1,8,1,NULL,'2017-04-24 12:32:41','187.149.172.88'),
(833,1,8,3,1,'2017-04-24 12:32:58','187.149.172.88'),
(834,1,6,1,NULL,'2017-04-24 12:33:20','187.149.172.88'),
(835,1,8,1,NULL,'2017-04-24 12:33:26','187.149.172.88'),
(836,1,8,3,5,'2017-04-24 12:33:31','187.149.172.88'),
(837,1,10,1,NULL,'2017-04-24 12:33:56','187.149.172.88'),
(838,1,9,1,NULL,'2017-04-24 12:37:49','187.149.172.88'),
(839,1,5,1,NULL,'2017-04-24 12:43:50','187.149.172.88'),
(840,1,6,1,NULL,'2017-04-24 12:44:02','187.149.172.88'),
(841,1,7,1,NULL,'2017-04-24 12:44:08','187.149.172.88'),
(842,1,9,1,NULL,'2017-04-24 12:46:22','187.149.172.88'),
(843,1,7,1,NULL,'2017-04-24 12:47:04','187.149.172.88'),
(844,1,7,3,3,'2017-04-24 12:48:50','187.149.172.88'),
(845,1,8,1,NULL,'2017-04-24 12:49:59','187.149.172.88'),
(846,1,7,1,NULL,'2017-04-24 12:50:03','187.149.172.88'),
(847,1,1,1,NULL,'2017-04-24 12:54:07','187.149.172.88'),
(848,1,1,2,14,'2017-04-24 12:54:41','187.149.172.88'),
(849,14,7,1,NULL,'2017-04-24 12:55:13','187.149.172.88'),
(850,14,7,1,NULL,'2017-04-24 12:55:55','187.149.172.88'),
(851,14,7,3,1,'2017-04-24 12:56:35','187.149.172.88'),
(852,14,7,3,1,'2017-04-24 13:01:58','187.149.172.88'),
(853,14,7,3,1,'2017-04-24 13:02:12','187.149.172.88'),
(854,14,9,1,NULL,'2017-04-24 13:02:22','187.149.172.88'),
(855,14,1,1,NULL,'2017-04-24 13:57:18','187.149.172.88'),
(856,14,6,1,NULL,'2017-04-24 13:57:43','187.149.172.88'),
(857,14,7,1,NULL,'2017-04-24 13:58:08','187.149.172.88'),
(858,14,7,2,12,'2017-04-24 14:00:16','187.149.172.88'),
(859,14,9,1,NULL,'2017-04-24 14:00:42','187.149.172.88'),
(860,14,7,1,NULL,'2017-04-24 14:01:28','187.149.172.88'),
(861,14,7,3,1,'2017-04-24 14:02:26','187.149.172.88'),
(862,14,7,3,12,'2017-04-24 14:02:49','187.149.172.88'),
(863,14,6,1,NULL,'2017-04-24 14:02:57','187.149.172.88'),
(864,14,7,1,NULL,'2017-04-24 14:03:15','187.149.172.88'),
(865,14,7,3,12,'2017-04-24 14:05:24','187.149.172.88'),
(866,14,9,1,NULL,'2017-04-24 14:05:33','187.149.172.88'),
(867,14,7,1,NULL,'2017-04-24 14:05:52','187.149.172.88'),
(868,14,7,3,1,'2017-04-24 14:06:17','187.149.172.88'),
(869,14,9,1,NULL,'2017-04-24 14:06:23','187.149.172.88'),
(870,14,7,1,NULL,'2017-04-24 14:06:45','187.149.172.88'),
(871,14,7,3,1,'2017-04-24 14:07:02','187.149.172.88'),
(872,14,9,1,NULL,'2017-04-24 14:07:09','187.149.172.88'),
(873,14,7,1,NULL,'2017-04-24 14:07:23','187.149.172.88'),
(874,14,6,1,NULL,'2017-04-24 14:07:28','187.149.172.88'),
(875,14,6,3,6,'2017-04-24 14:07:52','187.149.172.88'),
(876,14,7,1,NULL,'2017-04-24 14:07:57','187.149.172.88'),
(877,14,7,3,1,'2017-04-24 14:10:05','187.149.172.88'),
(878,14,7,3,12,'2017-04-24 14:10:20','187.149.172.88'),
(879,1,7,1,NULL,'2017-04-24 14:55:13','177.247.208.51'),
(880,1,7,1,NULL,'2017-04-24 15:02:06','172.22.0.1'),
(881,1,7,1,NULL,'2017-04-24 15:02:47','172.22.0.1'),
(882,1,7,1,NULL,'2017-04-24 15:03:04','172.22.0.1'),
(883,1,7,1,NULL,'2017-04-24 15:08:17','172.22.0.1'),
(884,1,7,4,1,'2017-04-24 15:08:27','172.22.0.1'),
(885,1,7,4,1,'2017-04-24 15:09:08','172.22.0.1'),
(886,1,7,1,NULL,'2017-04-24 15:09:20','172.22.0.1'),
(887,1,7,4,3,'2017-04-24 15:09:31','172.22.0.1'),
(888,1,5,1,NULL,'2017-04-24 15:10:34','172.22.0.1'),
(889,1,5,1,NULL,'2017-04-24 15:10:35','172.22.0.1'),
(890,1,6,1,NULL,'2017-04-24 15:11:01','172.22.0.1'),
(891,1,7,1,NULL,'2017-04-24 15:11:27','172.22.0.1'),
(892,1,8,1,NULL,'2017-04-24 15:11:42','172.22.0.1'),
(893,1,10,1,NULL,'2017-04-24 15:12:06','172.22.0.1'),
(894,1,11,1,NULL,'2017-04-24 15:12:22','172.22.0.1'),
(895,1,5,1,NULL,'2017-04-24 15:16:02','177.247.208.51'),
(896,1,7,1,NULL,'2017-04-24 15:16:13','177.247.208.51'),
(897,1,7,4,1,'2017-04-24 15:16:21','177.247.208.51'),
(898,1,11,1,NULL,'2017-04-24 15:19:34','172.22.0.1'),
(899,1,5,1,NULL,'2017-04-24 15:20:16','172.22.0.1'),
(900,1,7,1,NULL,'2017-04-24 16:37:49','177.247.208.51'),
(901,1,1,1,NULL,'2017-04-24 16:39:02','177.247.208.51'),
(902,1,7,1,NULL,'2017-04-24 16:39:13','177.247.208.51'),
(903,14,1,1,NULL,'2017-04-24 16:40:43','189.186.135.140'),
(904,14,1,3,12,'2017-04-24 16:41:33','189.186.135.140'),
(905,1,7,4,1,'2017-04-24 16:41:39','177.247.208.51'),
(906,14,6,1,NULL,'2017-04-24 16:42:01','189.186.135.140'),
(907,14,7,1,NULL,'2017-04-24 16:44:27','189.186.135.140'),
(908,14,8,1,NULL,'2017-04-24 16:49:03','189.186.135.140'),
(909,14,10,1,NULL,'2017-04-24 16:49:13','189.186.135.140'),
(910,14,9,1,NULL,'2017-04-24 16:55:45','189.186.135.140'),
(911,14,6,1,NULL,'2017-04-24 16:56:31','189.186.135.140'),
(912,14,9,1,NULL,'2017-04-24 16:57:49','189.186.135.140'),
(913,14,13,1,NULL,'2017-04-24 17:00:06','189.186.135.140'),
(914,14,9,1,NULL,'2017-04-24 17:00:57','189.186.135.140'),
(915,14,12,1,NULL,'2017-04-24 17:02:52','189.186.135.140'),
(916,14,7,1,NULL,'2017-04-24 17:21:12','189.186.135.140'),
(917,14,7,3,1,'2017-04-24 17:22:12','189.186.135.140'),
(918,14,13,1,NULL,'2017-04-24 17:22:26','189.186.135.140'),
(919,14,9,1,NULL,'2017-04-24 17:22:41','189.186.135.140'),
(920,14,7,1,NULL,'2017-04-24 17:25:21','189.186.135.140'),
(921,14,7,3,1,'2017-04-24 17:26:27','189.186.135.140'),
(922,14,8,1,NULL,'2017-04-24 17:26:36','189.186.135.140'),
(923,14,10,1,NULL,'2017-04-24 17:26:50','189.186.135.140'),
(924,14,12,1,NULL,'2017-04-24 17:27:13','189.186.135.140'),
(925,14,13,1,NULL,'2017-04-24 17:27:18','189.186.135.140'),
(926,14,9,1,NULL,'2017-04-24 17:27:25','189.186.135.140'),
(927,14,7,1,NULL,'2017-04-24 17:27:58','189.186.135.140'),
(928,14,9,1,NULL,'2017-04-24 17:28:28','189.186.135.140'),
(929,14,11,1,NULL,'2017-04-24 17:34:22','189.186.135.140'),
(930,14,7,1,NULL,'2017-04-24 17:34:48','189.186.135.140'),
(931,14,7,3,1,'2017-04-24 17:35:47','189.186.135.140'),
(932,14,6,1,NULL,'2017-04-24 17:36:12','189.186.135.140'),
(933,14,6,3,5,'2017-04-24 17:36:23','189.186.135.140'),
(934,14,6,3,6,'2017-04-24 17:36:39','189.186.135.140'),
(935,14,13,1,NULL,'2017-04-24 17:36:56','189.186.135.140'),
(936,14,9,1,NULL,'2017-04-24 17:37:04','189.186.135.140'),
(937,1,14,1,NULL,'2017-04-27 16:16:27','201.140.116.253'),
(938,1,15,1,NULL,'2017-04-27 16:17:11','201.140.116.253'),
(939,14,9,1,NULL,'2017-04-27 17:04:22','189.186.135.140'),
(940,14,15,1,NULL,'2017-04-27 17:05:12','189.186.135.140'),
(941,14,7,1,NULL,'2017-04-27 17:05:44','189.186.135.140'),
(942,14,7,3,1,'2017-04-27 17:06:22','189.186.135.140'),
(943,14,7,3,3,'2017-04-27 17:06:45','189.186.135.140'),
(944,14,7,3,3,'2017-04-27 17:07:06','189.186.135.140'),
(945,14,9,1,NULL,'2017-04-27 17:07:17','189.186.135.140'),
(946,14,13,1,NULL,'2017-04-27 17:07:28','189.186.135.140'),
(947,14,9,1,NULL,'2017-04-27 17:07:32','189.186.135.140'),
(948,14,7,1,NULL,'2017-04-27 17:07:34','189.186.135.140'),
(949,14,14,1,NULL,'2017-04-27 17:07:54','189.186.135.140'),
(950,14,15,1,NULL,'2017-04-27 17:08:33','189.186.135.140'),
(951,14,9,1,NULL,'2017-04-27 17:08:50','189.186.135.140'),
(952,14,15,1,NULL,'2017-04-27 17:08:54','189.186.135.140'),
(953,14,12,1,NULL,'2017-04-27 17:09:01','189.186.135.140'),
(954,14,14,1,NULL,'2017-04-27 17:09:10','189.186.135.140'),
(955,14,15,1,NULL,'2017-04-27 17:09:21','189.186.135.140'),
(956,14,11,1,NULL,'2017-04-27 17:09:33','189.186.135.140'),
(957,14,7,1,NULL,'2017-04-27 17:09:59','189.186.135.140'),
(958,14,1,1,NULL,'2017-04-27 17:10:13','189.186.135.140'),
(959,14,6,1,NULL,'2017-04-27 17:14:25','189.186.135.140'),
(960,14,7,1,NULL,'2017-04-27 17:14:32','189.186.135.140'),
(961,1,5,1,NULL,'2017-04-27 17:17:03','187.149.172.88'),
(962,1,9,1,NULL,'2017-04-27 17:17:20','187.149.172.88'),
(963,1,15,1,NULL,'2017-04-27 17:17:36','187.149.172.88'),
(964,14,10,1,NULL,'2017-04-27 17:18:16','187.149.172.88'),
(965,14,9,1,NULL,'2017-04-27 17:19:01','187.149.172.88'),
(966,1,14,1,NULL,'2017-04-28 04:20:38','187.149.230.57'),
(967,1,9,1,NULL,'2017-05-01 16:41:36','187.149.172.88'),
(968,1,12,1,NULL,'2017-05-01 16:41:44','187.149.172.88'),
(969,1,13,1,NULL,'2017-05-01 16:41:49','187.149.172.88'),
(970,1,14,1,NULL,'2017-05-01 16:41:54','187.149.172.88'),
(971,1,15,1,NULL,'2017-05-01 16:42:17','187.149.172.88'),
(972,1,9,1,NULL,'2017-05-02 18:49:06','201.140.116.253'),
(973,1,14,1,NULL,'2017-05-03 05:04:42','177.247.208.51'),
(974,14,7,1,NULL,'2017-05-04 17:22:40','187.149.172.88'),
(975,14,7,3,1,'2017-05-04 17:23:32','187.149.172.88'),
(976,14,6,1,NULL,'2017-05-04 17:24:12','187.149.172.88'),
(977,14,9,1,NULL,'2017-05-04 17:25:00','187.149.172.88'),
(978,14,14,1,NULL,'2017-05-04 17:25:13','187.149.172.88'),
(979,14,15,1,NULL,'2017-05-04 17:26:31','187.149.172.88'),
(980,14,14,1,NULL,'2017-05-04 17:26:47','187.149.172.88'),
(981,14,7,1,NULL,'2017-05-04 17:29:09','187.149.172.88'),
(982,14,7,3,1,'2017-05-04 17:30:25','187.149.172.88'),
(983,14,9,1,NULL,'2017-05-04 17:30:32','187.149.172.88'),
(984,14,14,1,NULL,'2017-05-04 17:31:56','187.149.172.88'),
(985,1,7,1,NULL,'2017-05-08 00:45:57','187.149.230.57'),
(986,1,14,1,NULL,'2017-05-08 00:46:59','187.149.230.57'),
(987,1,14,1,NULL,'2017-05-08 03:30:11','187.149.230.57'),
(988,1,14,1,NULL,'2017-05-08 03:30:26','187.149.230.57'),
(989,1,14,1,NULL,'2017-05-08 16:53:39','201.140.116.253'),
(990,1,1,1,NULL,'2017-05-11 17:42:35','189.174.145.74'),
(991,1,1,2,15,'2017-05-11 17:43:47','189.174.145.74'),
(992,1,6,1,NULL,'2017-05-11 17:45:49','189.174.145.74'),
(993,1,7,1,NULL,'2017-05-11 17:45:54','189.174.145.74'),
(994,1,7,3,1,'2017-05-11 17:46:41','189.174.145.74'),
(995,1,7,3,1,'2017-05-11 17:46:59','189.174.145.74'),
(996,15,9,1,NULL,'2017-05-11 17:48:11','189.174.145.74'),
(997,1,9,1,NULL,'2017-05-11 17:53:16','189.174.145.74'),
(998,1,7,1,NULL,'2017-05-11 17:53:36','189.174.145.74'),
(999,1,7,1,NULL,'2017-05-11 17:57:00','189.174.145.74'),
(1000,1,7,3,1,'2017-05-11 17:58:25','189.174.145.74'),
(1001,1,7,3,1,'2017-05-11 17:58:33','189.174.145.74'),
(1002,1,9,1,NULL,'2017-05-11 17:58:49','189.174.145.74'),
(1003,1,14,1,NULL,'2017-05-11 18:01:48','201.140.116.253'),
(1004,1,9,1,NULL,'2017-05-11 18:01:53','201.140.116.253'),
(1005,1,9,1,NULL,'2017-05-11 18:12:51','201.140.116.253'),
(1006,1,9,1,NULL,'2017-05-11 18:17:42','201.140.116.253'),
(1007,1,10,1,NULL,'2017-05-11 18:23:43','201.140.116.253'),
(1008,1,9,1,NULL,'2017-05-11 18:39:01','201.140.116.253'),
(1009,1,9,1,NULL,'2017-05-11 18:42:03','189.186.137.177'),
(1010,1,9,1,NULL,'2017-05-12 02:28:06','172.19.0.1'),
(1011,1,9,1,NULL,'2017-05-12 02:36:06','172.19.0.1'),
(1012,1,9,1,NULL,'2017-05-12 02:36:33','172.19.0.1'),
(1013,1,9,1,NULL,'2017-05-12 02:38:32','172.19.0.1'),
(1014,1,9,1,NULL,'2017-05-12 02:45:26','172.19.0.1'),
(1015,1,9,1,NULL,'2017-05-12 02:47:24','172.19.0.1'),
(1016,1,9,1,NULL,'2017-05-12 02:52:18','172.19.0.1'),
(1017,1,9,1,NULL,'2017-05-12 03:54:30','172.19.0.1'),
(1018,1,9,1,NULL,'2017-05-12 03:58:45','172.19.0.1'),
(1019,1,9,1,NULL,'2017-05-12 04:01:47','172.19.0.1'),
(1020,1,9,1,NULL,'2017-05-12 04:01:55','172.19.0.1'),
(1021,1,14,1,NULL,'2017-05-12 04:03:32','172.19.0.1'),
(1022,1,9,1,NULL,'2017-05-12 05:15:29','172.19.0.1'),
(1023,1,9,1,NULL,'2017-05-12 05:18:11','172.19.0.1'),
(1024,1,12,1,NULL,'2017-05-12 05:19:42','172.19.0.1'),
(1025,1,12,3,50,'2017-05-12 05:20:13','172.19.0.1'),
(1026,1,13,1,NULL,'2017-05-12 05:20:19','172.19.0.1'),
(1027,1,13,3,50,'2017-05-12 05:20:28','172.19.0.1'),
(1028,1,9,1,NULL,'2017-05-12 05:21:05','172.19.0.1'),
(1029,1,12,1,NULL,'2017-05-12 05:21:06','172.19.0.1'),
(1030,1,14,1,NULL,'2017-05-12 05:21:20','172.19.0.1'),
(1031,1,9,1,NULL,'2017-05-12 05:22:59','172.19.0.1'),
(1032,1,15,1,NULL,'2017-05-12 05:33:34','172.19.0.1'),
(1033,1,9,1,NULL,'2017-05-12 05:35:06','172.19.0.1'),
(1034,1,12,1,NULL,'2017-05-12 05:36:03','172.19.0.1'),
(1035,1,12,3,51,'2017-05-12 05:36:12','172.19.0.1'),
(1036,1,15,1,NULL,'2017-05-12 05:36:18','172.19.0.1'),
(1037,1,13,1,NULL,'2017-05-12 05:36:58','172.19.0.1'),
(1038,1,13,3,51,'2017-05-12 05:37:10','172.19.0.1'),
(1039,1,9,1,NULL,'2017-05-12 05:37:32','172.19.0.1'),
(1040,1,7,1,NULL,'2017-05-12 05:38:24','172.19.0.1'),
(1041,1,10,1,NULL,'2017-05-12 05:40:34','172.19.0.1'),
(1042,1,9,1,NULL,'2017-05-12 05:40:36','172.19.0.1'),
(1043,1,9,1,NULL,'2017-05-12 05:58:49','187.149.230.57'),
(1044,1,12,1,NULL,'2017-05-12 05:59:17','187.149.230.57'),
(1045,1,12,3,52,'2017-05-12 05:59:22','187.149.230.57'),
(1046,1,13,1,NULL,'2017-05-12 05:59:26','187.149.230.57'),
(1047,1,13,3,52,'2017-05-12 05:59:30','187.149.230.57'),
(1048,1,14,1,NULL,'2017-05-12 05:59:37','187.149.230.57'),
(1049,1,15,1,NULL,'2017-05-12 06:00:28','187.149.230.57'),
(1050,1,15,1,NULL,'2017-05-12 06:04:43','187.149.230.57'),
(1051,1,9,1,NULL,'2017-05-12 06:04:56','187.149.230.57'),
(1052,1,12,1,NULL,'2017-05-12 06:05:34','187.149.230.57'),
(1053,1,13,1,NULL,'2017-05-12 06:05:36','187.149.230.57'),
(1054,1,9,1,NULL,'2017-05-12 06:16:57','187.149.230.57'),
(1055,1,9,1,NULL,'2017-05-12 13:54:48','201.140.116.253'),
(1056,1,9,1,NULL,'2017-05-12 15:34:16','187.149.172.88'),
(1057,1,9,1,NULL,'2017-05-12 15:39:23','201.140.116.253'),
(1058,1,9,1,NULL,'2017-05-12 15:42:43','201.140.116.253'),
(1059,1,9,1,NULL,'2017-05-12 15:43:10','201.140.116.253'),
(1060,1,9,1,NULL,'2017-05-12 15:44:19','201.140.116.253'),
(1061,1,9,1,NULL,'2017-05-12 15:46:57','187.149.172.88'),
(1062,1,9,1,NULL,'2017-05-12 15:51:31','201.140.116.253'),
(1063,1,9,1,NULL,'2017-05-12 15:52:14','187.149.172.88'),
(1064,1,9,1,NULL,'2017-05-12 18:24:31','201.140.116.253'),
(1065,1,12,1,NULL,'2017-05-12 18:25:13','201.140.116.253'),
(1066,1,12,3,56,'2017-05-12 18:25:23','201.140.116.253'),
(1067,1,9,1,NULL,'2017-05-12 20:39:03','201.140.116.253'),
(1068,1,15,1,NULL,'2017-05-12 20:39:07','201.140.116.253'),
(1069,1,9,1,NULL,'2017-05-12 20:39:20','201.140.116.253'),
(1070,1,9,1,NULL,'2017-05-12 20:40:00','201.140.116.253'),
(1071,1,10,1,NULL,'2017-05-12 20:41:19','201.140.116.253'),
(1072,1,9,1,NULL,'2017-05-12 20:41:34','201.140.116.253'),
(1073,1,15,1,NULL,'2017-05-12 20:41:46','201.140.116.253'),
(1074,1,9,1,NULL,'2017-05-12 20:42:33','201.140.116.253'),
(1075,1,9,1,NULL,'2017-05-12 20:45:13','201.140.116.253'),
(1076,1,9,1,NULL,'2017-05-12 20:45:16','201.140.116.253'),
(1077,1,9,1,NULL,'2017-05-12 20:48:14','201.140.116.253'),
(1078,1,9,1,NULL,'2017-05-12 20:51:36','201.140.116.253'),
(1079,1,9,1,NULL,'2017-05-12 20:52:38','201.140.116.253'),
(1080,1,9,1,NULL,'2017-05-12 21:09:47','201.140.116.253'),
(1081,1,9,1,NULL,'2017-05-12 21:09:49','201.140.116.253'),
(1082,1,9,1,NULL,'2017-05-12 21:25:39','201.140.116.253'),
(1083,1,7,1,NULL,'2017-05-12 21:25:44','201.140.116.253'),
(1084,1,7,3,1,'2017-05-12 21:25:57','201.140.116.253'),
(1085,1,9,1,NULL,'2017-05-12 21:26:23','201.140.116.253'),
(1086,1,1,1,NULL,'2017-05-17 05:17:32','177.247.214.186'),
(1087,1,1,1,NULL,'2017-05-17 05:17:40','177.247.214.186'),
(1088,1,5,1,NULL,'2017-05-17 05:18:20','177.247.214.186'),
(1089,1,6,1,NULL,'2017-05-17 05:18:26','177.247.214.186'),
(1090,1,7,1,NULL,'2017-05-17 05:18:29','177.247.214.186'),
(1091,1,9,1,NULL,'2017-05-17 05:18:43','177.247.214.186'),
(1092,1,8,1,NULL,'2017-05-17 05:18:54','177.247.214.186'),
(1093,1,9,1,NULL,'2017-05-17 05:46:11','200.68.140.16'),
(1094,1,1,1,NULL,'2017-05-19 23:58:22','201.175.165.165'),
(1095,1,8,1,NULL,'2017-05-19 23:59:06','201.175.165.165'),
(1096,1,10,1,NULL,'2017-05-19 23:59:10','201.175.165.165'),
(1097,1,9,1,NULL,'2017-05-19 23:59:59','201.175.165.165'),
(1098,1,9,1,NULL,'2017-05-22 17:10:20','189.174.238.32'),
(1099,1,7,1,NULL,'2017-05-22 17:10:50','189.174.238.32'),
(1100,1,9,1,NULL,'2017-05-22 17:11:24','189.174.238.32'),
(1101,1,12,1,NULL,'2017-05-22 17:14:15','189.174.238.32'),
(1102,1,12,3,57,'2017-05-22 17:14:55','189.174.238.32'),
(1103,14,7,1,NULL,'2017-05-22 17:16:11','189.174.238.32'),
(1104,14,9,1,NULL,'2017-05-22 17:16:41','189.174.238.32'),
(1105,14,13,1,NULL,'2017-05-22 17:20:24','189.174.238.32'),
(1106,14,14,1,NULL,'2017-05-22 17:21:13','189.174.238.32'),
(1107,14,13,1,NULL,'2017-05-22 17:21:15','189.174.238.32'),
(1108,14,12,1,NULL,'2017-05-22 17:21:20','189.174.238.32'),
(1109,14,13,1,NULL,'2017-05-22 17:22:36','189.174.238.32'),
(1110,14,14,1,NULL,'2017-05-22 17:22:42','189.174.238.32'),
(1111,14,1,1,NULL,'2017-05-22 19:05:48','189.174.238.32'),
(1112,14,6,1,NULL,'2017-05-22 19:06:11','189.174.238.32'),
(1113,14,7,1,NULL,'2017-05-22 19:06:28','189.174.238.32'),
(1114,14,6,1,NULL,'2017-05-22 19:07:29','189.174.238.32'),
(1115,14,8,1,NULL,'2017-05-22 19:07:33','189.174.238.32'),
(1116,14,10,1,NULL,'2017-05-22 19:07:49','189.174.238.32'),
(1117,14,9,1,NULL,'2017-05-22 19:07:58','189.174.238.32'),
(1118,14,15,1,NULL,'2017-05-22 19:08:28','189.174.238.32'),
(1119,14,9,1,NULL,'2017-05-22 19:08:35','189.174.238.32'),
(1120,1,9,1,NULL,'2017-05-26 04:09:40','172.19.0.1'),
(1121,1,9,1,NULL,'2017-05-26 14:53:50','172.19.0.1'),
(1122,1,9,1,NULL,'2017-05-26 18:29:05','201.140.116.253'),
(1123,1,9,1,NULL,'2017-05-28 22:37:26','172.19.0.1'),
(1124,1,9,1,NULL,'2017-05-28 22:37:39','172.19.0.1'),
(1125,1,7,1,NULL,'2017-05-28 22:41:29','172.19.0.1'),
(1126,1,7,3,1,'2017-05-28 22:43:23','172.19.0.1'),
(1127,1,10,1,NULL,'2017-05-28 22:46:46','172.19.0.1'),
(1128,1,10,1,NULL,'2017-05-28 22:53:50','187.149.226.221'),
(1129,1,10,1,NULL,'2017-05-28 22:54:39','187.149.226.221'),
(1130,1,9,1,NULL,'2017-05-28 22:57:56','187.149.226.221'),
(1131,1,7,1,NULL,'2017-05-28 22:59:44','187.149.226.221'),
(1132,1,7,2,13,'2017-05-28 23:01:19','187.149.226.221'),
(1133,1,7,4,13,'2017-05-28 23:01:36','187.149.226.221'),
(1134,1,9,1,NULL,'2017-05-28 23:10:21','187.149.226.221'),
(1135,1,9,1,NULL,'2017-05-28 23:12:20','172.19.0.1'),
(1136,1,9,1,NULL,'2017-05-28 23:21:50','187.149.226.221'),
(1137,1,9,1,NULL,'2017-05-29 17:05:05','201.140.116.253'),
(1138,14,9,1,NULL,'2017-05-30 17:44:04','189.174.15.67'),
(1139,1,9,1,NULL,'2017-06-06 14:56:45','201.140.116.253'),
(1140,1,7,1,NULL,'2017-06-06 15:12:05','187.149.172.88'),
(1141,1,7,3,3,'2017-06-06 15:12:37','187.149.172.88'),
(1142,1,7,1,NULL,'2017-06-06 15:12:50','187.149.172.88'),
(1143,1,7,3,1,'2017-06-06 15:13:04','187.149.172.88'),
(1144,1,8,1,NULL,'2017-06-06 15:15:18','187.149.172.88'),
(1145,1,10,1,NULL,'2017-06-06 15:15:25','187.149.172.88'),
(1146,1,9,1,NULL,'2017-06-06 15:18:51','187.149.172.88'),
(1147,1,5,1,NULL,'2017-06-06 15:19:20','201.140.116.253'),
(1148,1,10,1,NULL,'2017-06-06 15:19:28','201.140.116.253'),
(1149,1,10,1,NULL,'2017-06-06 15:21:09','187.149.172.88'),
(1150,1,9,1,NULL,'2017-06-06 15:22:01','201.140.116.253'),
(1151,1,10,1,NULL,'2017-06-06 15:22:07','201.140.116.253'),
(1152,14,10,1,NULL,'2017-06-06 15:23:09','187.149.172.88'),
(1153,1,10,1,NULL,'2017-06-06 15:24:15','201.140.116.253'),
(1154,1,1,1,NULL,'2017-06-06 15:25:25','201.140.116.253'),
(1155,1,10,1,NULL,'2017-06-06 15:25:28','187.149.172.88'),
(1156,1,10,1,NULL,'2017-06-06 15:25:32','201.140.116.253'),
(1157,1,10,1,NULL,'2017-06-06 15:26:02','201.140.116.253'),
(1158,1,10,1,NULL,'2017-06-06 15:27:08','201.140.116.253'),
(1159,1,10,1,NULL,'2017-06-06 15:29:03','201.140.116.253'),
(1160,1,10,1,NULL,'2017-06-06 15:29:22','201.140.116.253'),
(1161,1,11,1,NULL,'2017-06-06 15:29:57','187.149.172.88'),
(1162,1,9,1,NULL,'2017-06-06 15:33:31','201.140.116.253'),
(1163,1,14,1,NULL,'2017-06-06 15:33:37','201.140.116.253'),
(1164,1,15,1,NULL,'2017-06-06 15:34:35','187.149.172.88'),
(1165,1,11,1,NULL,'2017-06-06 15:34:51','187.149.172.88'),
(1166,1,14,1,NULL,'2017-06-06 15:35:55','201.140.116.253'),
(1167,1,9,1,NULL,'2017-06-06 15:37:33','187.149.172.88'),
(1168,1,11,1,NULL,'2017-06-06 15:37:39','187.149.172.88'),
(1169,1,15,1,NULL,'2017-06-06 15:37:47','187.149.172.88'),
(1170,1,1,1,NULL,'2017-06-06 16:05:47','189.174.135.212'),
(1171,1,1,3,15,'2017-06-06 16:06:20','189.174.135.212'),
(1172,1,1,3,15,'2017-06-06 16:06:25','189.174.135.212'),
(1173,15,9,1,NULL,'2017-06-06 16:07:11','189.174.135.212'),
(1174,1,1,1,NULL,'2017-06-06 16:19:46','189.174.135.212'),
(1175,1,1,2,16,'2017-06-06 16:20:39','189.174.135.212'),
(1176,16,15,1,NULL,'2017-06-06 16:21:24','189.174.135.212'),
(1177,16,14,1,NULL,'2017-06-06 16:26:40','189.174.135.212'),
(1178,16,9,1,NULL,'2017-06-06 16:26:57','189.174.135.212'),
(1179,16,12,1,NULL,'2017-06-06 16:28:48','189.174.135.212'),
(1180,16,9,1,NULL,'2017-06-06 16:29:12','189.174.135.212'),
(1181,16,14,1,NULL,'2017-06-06 16:30:30','189.174.135.212'),
(1182,16,12,1,NULL,'2017-06-06 16:30:51','189.174.135.212'),
(1183,16,12,3,63,'2017-06-06 16:31:31','189.174.135.212'),
(1184,1,7,1,NULL,'2017-06-06 16:33:01','189.174.135.212'),
(1185,1,7,3,1,'2017-06-06 16:33:54','189.174.135.212'),
(1186,1,9,1,NULL,'2017-06-06 20:34:23','201.140.116.253'),
(1187,1,9,1,NULL,'2017-06-06 20:36:25','201.140.116.253'),
(1188,1,9,1,NULL,'2017-06-07 15:31:13','187.149.172.88'),
(1189,1,9,1,NULL,'2017-06-07 16:12:56','172.19.0.1'),
(1190,1,9,1,NULL,'2017-06-07 16:14:00','201.140.116.253'),
(1191,1,9,1,NULL,'2017-06-07 19:43:39','172.19.0.1'),
(1192,1,9,1,NULL,'2017-06-07 19:44:55','172.19.0.1'),
(1193,1,9,1,NULL,'2017-06-07 19:46:45','172.19.0.1'),
(1194,1,9,1,NULL,'2017-06-07 19:52:13','172.19.0.1'),
(1195,1,9,1,NULL,'2017-06-07 19:55:42','172.19.0.1'),
(1196,1,9,1,NULL,'2017-06-07 19:58:39','201.140.116.253'),
(1197,1,1,1,NULL,'2017-06-08 21:03:27','201.140.116.253'),
(1198,1,10,1,NULL,'2017-06-08 21:04:43','201.140.116.253'),
(1199,1,9,1,NULL,'2017-06-09 15:07:50','187.149.172.88'),
(1200,1,9,1,NULL,'2017-06-09 15:09:03','187.149.172.88'),
(1201,1,9,1,NULL,'2017-06-09 15:09:46','187.149.172.88'),
(1202,1,5,1,NULL,'2017-06-09 15:10:11','187.149.172.88'),
(1203,1,5,3,3,'2017-06-09 15:10:21','187.149.172.88'),
(1204,1,7,1,NULL,'2017-06-09 15:10:35','187.149.172.88'),
(1205,1,7,4,3,'2017-06-09 15:10:52','187.149.172.88'),
(1206,1,7,3,1,'2017-06-09 15:11:21','187.149.172.88'),
(1207,1,9,1,NULL,'2017-06-09 15:11:55','187.149.172.88'),
(1208,1,14,1,NULL,'2017-06-09 15:12:05','187.149.172.88'),
(1209,1,15,1,NULL,'2017-06-09 15:12:32','187.149.172.88'),
(1210,1,13,1,NULL,'2017-06-09 15:12:44','187.149.172.88'),
(1211,1,14,1,NULL,'2017-06-09 15:12:50','187.149.172.88'),
(1212,15,15,1,NULL,'2017-06-09 15:13:55','187.149.172.88'),
(1213,15,14,1,NULL,'2017-06-09 15:14:00','187.149.172.88'),
(1214,15,12,1,NULL,'2017-06-09 15:14:18','187.149.172.88'),
(1215,1,15,1,NULL,'2017-06-09 15:30:16','187.149.172.88'),
(1216,1,9,1,NULL,'2017-06-09 15:55:27','187.149.172.88'),
(1217,15,14,1,NULL,'2017-06-09 15:59:30','187.149.172.88'),
(1218,15,15,1,NULL,'2017-06-09 15:59:38','187.149.172.88'),
(1219,15,12,1,NULL,'2017-06-09 15:59:53','187.149.172.88'),
(1220,1,7,1,NULL,'2017-06-09 16:40:00','189.172.2.97'),
(1221,1,7,3,1,'2017-06-09 16:40:20','189.172.2.97'),
(1222,15,9,1,NULL,'2017-06-09 16:40:55','189.172.2.97'),
(1223,15,12,1,NULL,'2017-06-09 16:57:34','189.172.2.97'),
(1224,15,9,1,NULL,'2017-06-09 16:57:38','189.172.2.97'),
(1225,15,12,1,NULL,'2017-06-09 17:03:49','189.172.2.97'),
(1226,15,9,1,NULL,'2017-06-09 17:03:54','189.172.2.97'),
(1227,1,9,1,NULL,'2017-06-10 23:40:47','172.19.0.1'),
(1228,1,9,1,NULL,'2017-06-10 23:40:48','172.19.0.1'),
(1229,1,9,1,NULL,'2017-06-10 23:54:57','172.19.0.1'),
(1230,1,7,1,NULL,'2017-06-11 00:05:59','172.19.0.1'),
(1231,1,7,1,NULL,'2017-06-11 00:20:13','172.19.0.1'),
(1232,1,7,3,1,'2017-06-11 00:20:54','172.19.0.1'),
(1233,1,9,1,NULL,'2017-06-11 00:27:03','172.19.0.1'),
(1234,1,9,1,NULL,'2017-06-11 00:29:04','172.19.0.1'),
(1235,1,7,1,NULL,'2017-06-13 14:45:40','187.149.172.88'),
(1236,1,7,3,1,'2017-06-13 14:45:58','187.149.172.88'),
(1237,1,7,1,NULL,'2017-06-13 14:46:07','187.149.172.88'),
(1238,1,9,1,NULL,'2017-06-13 14:46:55','187.149.172.88'),
(1239,1,5,1,NULL,'2017-06-13 14:48:24','187.149.172.88'),
(1240,1,5,3,3,'2017-06-13 14:48:33','187.149.172.88'),
(1241,1,7,1,NULL,'2017-06-13 14:48:40','187.149.172.88'),
(1242,1,7,3,4,'2017-06-13 14:48:49','187.149.172.88'),
(1243,1,6,1,NULL,'2017-06-13 14:50:09','201.140.116.253'),
(1244,1,7,1,NULL,'2017-06-13 14:50:14','201.140.116.253'),
(1245,1,7,1,NULL,'2017-06-13 14:51:27','187.149.172.88'),
(1246,1,7,3,1,'2017-06-13 14:51:53','187.149.172.88'),
(1247,1,7,1,NULL,'2017-06-13 14:58:38','187.149.172.88'),
(1248,1,7,3,1,'2017-06-13 14:58:49','187.149.172.88'),
(1249,1,7,1,NULL,'2017-06-13 15:03:18','201.140.116.253'),
(1250,1,5,1,NULL,'2017-06-13 17:44:56','189.172.2.97'),
(1251,1,7,1,NULL,'2017-06-13 17:45:05','189.172.2.97'),
(1252,1,7,1,NULL,'2017-06-13 17:45:18','189.172.2.97'),
(1253,1,7,1,NULL,'2017-06-13 17:53:16','189.172.2.97'),
(1254,1,7,3,1,'2017-06-13 17:54:39','189.172.2.97'),
(1255,1,7,3,4,'2017-06-13 17:55:37','189.172.2.97'),
(1256,1,9,1,NULL,'2017-06-13 17:55:44','189.172.2.97'),
(1257,1,5,1,NULL,'2017-06-13 17:58:58','189.172.2.97'),
(1258,1,9,1,NULL,'2017-06-13 17:59:06','189.172.2.97'),
(1259,1,9,1,NULL,'2017-06-13 18:07:18','201.140.116.253'),
(1260,1,9,1,NULL,'2017-06-13 18:07:32','189.172.2.97'),
(1261,1,9,1,NULL,'2017-06-13 19:02:40','172.19.0.1'),
(1262,1,10,1,NULL,'2017-06-13 22:00:15','201.140.116.253'),
(1263,1,10,1,NULL,'2017-06-13 22:00:57','201.140.116.253'),
(1264,1,7,1,NULL,'2017-06-13 22:02:06','201.140.116.253'),
(1265,1,7,1,NULL,'2017-06-14 01:10:34','187.149.172.88'),
(1266,1,10,1,NULL,'2017-06-14 01:10:54','187.149.172.88'),
(1267,1,7,1,NULL,'2017-06-14 01:11:24','187.149.172.88'),
(1268,1,10,1,NULL,'2017-06-14 01:11:29','187.149.172.88'),
(1269,1,7,1,NULL,'2017-06-14 01:11:58','187.149.172.88'),
(1270,1,7,3,1,'2017-06-14 01:13:20','187.149.172.88'),
(1271,1,9,1,NULL,'2017-06-14 01:13:28','187.149.172.88'),
(1272,1,7,1,NULL,'2017-06-14 01:13:54','187.149.172.88'),
(1273,1,7,3,1,'2017-06-14 01:14:21','187.149.172.88'),
(1274,1,9,1,NULL,'2017-06-14 01:14:27','187.149.172.88'),
(1275,1,15,1,NULL,'2017-06-14 01:14:53','187.149.172.88'),
(1276,1,7,1,NULL,'2017-06-14 01:15:01','187.149.172.88'),
(1277,1,7,3,1,'2017-06-14 01:15:24','187.149.172.88'),
(1278,1,9,1,NULL,'2017-06-14 01:15:29','187.149.172.88'),
(1279,1,7,1,NULL,'2017-06-14 01:18:01','187.149.172.88'),
(1280,1,7,3,1,'2017-06-14 01:18:47','187.149.172.88'),
(1281,1,9,1,NULL,'2017-06-14 01:18:54','187.149.172.88'),
(1282,1,7,1,NULL,'2017-06-14 01:19:10','187.149.172.88'),
(1283,1,7,3,1,'2017-06-14 01:19:39','187.149.172.88'),
(1284,1,9,1,NULL,'2017-06-14 02:30:13','172.19.0.1'),
(1285,1,7,1,NULL,'2017-06-14 02:41:09','172.19.0.1'),
(1286,1,9,1,NULL,'2017-06-14 02:42:00','172.19.0.1'),
(1287,1,7,2,14,'2017-06-14 02:44:28','172.19.0.1'),
(1288,1,10,1,NULL,'2017-06-14 02:48:34','172.19.0.1'),
(1289,1,10,1,NULL,'2017-06-14 02:48:49','172.19.0.1'),
(1290,1,10,1,NULL,'2017-06-14 02:50:19','172.19.0.1'),
(1291,1,7,1,NULL,'2017-06-14 02:52:47','187.149.234.55'),
(1292,1,6,1,NULL,'2017-06-14 02:53:10','187.149.234.55'),
(1293,1,7,1,NULL,'2017-06-14 02:53:17','187.149.234.55'),
(1294,1,7,1,NULL,'2017-06-14 02:54:41','172.19.0.1'),
(1295,1,7,1,NULL,'2017-06-14 02:55:25','172.19.0.1'),
(1296,1,10,1,NULL,'2017-06-14 02:55:42','172.19.0.1'),
(1297,1,10,1,NULL,'2017-06-14 04:01:51','172.19.0.1'),
(1298,1,9,1,NULL,'2017-06-14 04:03:37','172.19.0.1'),
(1299,1,7,3,14,'2017-06-14 04:04:32','187.149.234.55'),
(1300,1,9,1,NULL,'2017-06-14 04:04:42','172.19.0.1'),
(1301,1,9,1,NULL,'2017-06-14 04:05:00','172.19.0.1'),
(1302,1,7,3,14,'2017-06-14 04:05:17','187.149.234.55'),
(1303,1,7,1,NULL,'2017-06-14 04:05:22','187.149.234.55'),
(1304,1,9,1,NULL,'2017-06-14 04:06:31','172.19.0.1'),
(1305,1,7,1,NULL,'2017-06-14 14:36:34','187.149.172.88'),
(1306,1,7,3,14,'2017-06-14 14:36:56','187.149.172.88'),
(1307,1,10,1,NULL,'2017-06-14 14:37:12','187.149.172.88'),
(1308,1,7,1,NULL,'2017-06-14 14:44:42','187.149.172.88'),
(1309,1,10,1,NULL,'2017-06-14 14:44:56','187.149.172.88'),
(1310,1,7,1,NULL,'2017-06-14 14:47:33','187.149.172.88'),
(1311,1,7,1,NULL,'2017-06-14 14:48:29','187.149.172.88'),
(1312,1,10,1,NULL,'2017-06-14 14:49:54','187.149.172.88'),
(1313,1,10,1,NULL,'2017-06-14 14:50:37','187.149.172.88'),
(1314,1,8,1,NULL,'2017-06-14 14:51:09','187.149.172.88'),
(1315,1,15,1,NULL,'2017-06-14 14:51:21','187.149.172.88'),
(1316,1,7,1,NULL,'2017-06-14 14:51:26','187.149.172.88'),
(1317,1,7,3,14,'2017-06-14 14:51:45','187.149.172.88'),
(1318,1,7,3,1,'2017-06-14 14:52:04','187.149.172.88'),
(1319,1,7,1,NULL,'2017-06-14 14:52:46','187.149.172.88'),
(1320,1,10,1,NULL,'2017-06-14 15:30:41','187.149.172.88'),
(1321,1,7,1,NULL,'2017-06-14 15:30:57','187.149.172.88'),
(1322,1,7,3,14,'2017-06-14 15:32:17','187.149.172.88'),
(1323,1,10,1,NULL,'2017-06-14 15:32:36','187.149.172.88'),
(1324,1,7,1,NULL,'2017-06-14 15:33:06','187.149.172.88'),
(1325,1,7,1,NULL,'2017-06-14 15:35:14','187.149.172.88'),
(1326,1,10,1,NULL,'2017-06-14 15:35:29','187.149.172.88'),
(1327,1,7,1,NULL,'2017-06-14 15:36:08','187.149.172.88'),
(1328,1,10,1,NULL,'2017-06-14 15:36:17','187.149.172.88'),
(1329,1,7,1,NULL,'2017-06-14 15:42:19','187.149.172.88'),
(1330,1,7,3,1,'2017-06-14 15:43:42','187.149.172.88'),
(1331,1,10,1,NULL,'2017-06-14 15:54:44','201.140.116.253'),
(1332,1,10,1,NULL,'2017-06-14 15:55:03','201.140.116.253'),
(1333,1,10,1,NULL,'2017-06-14 16:01:17','172.19.0.1'),
(1334,1,10,1,NULL,'2017-06-14 16:03:03','172.19.0.1'),
(1335,1,7,1,NULL,'2017-06-14 16:09:51','172.19.0.1'),
(1336,1,7,2,15,'2017-06-14 16:10:56','172.19.0.1'),
(1337,1,7,1,NULL,'2017-06-14 16:16:34','172.19.0.1'),
(1338,1,7,4,15,'2017-06-14 16:16:58','172.19.0.1'),
(1339,1,7,1,NULL,'2017-06-14 16:17:03','172.19.0.1'),
(1340,1,7,2,16,'2017-06-14 16:17:31','172.19.0.1'),
(1341,1,7,1,NULL,'2017-06-14 16:18:11','172.19.0.1'),
(1342,1,7,4,16,'2017-06-14 16:18:31','172.19.0.1'),
(1343,1,7,2,17,'2017-06-14 16:19:10','172.19.0.1'),
(1344,1,13,1,NULL,'2017-06-14 17:19:54','189.172.2.97'),
(1345,1,15,1,NULL,'2017-06-14 17:20:00','189.172.2.97'),
(1346,1,13,1,NULL,'2017-06-14 17:20:23','189.172.2.97'),
(1347,1,14,1,NULL,'2017-06-14 17:20:42','189.172.2.97'),
(1348,1,9,1,NULL,'2017-06-14 17:21:29','189.172.2.97'),
(1349,1,7,1,NULL,'2017-06-14 17:22:34','189.172.2.97'),
(1350,1,7,3,14,'2017-06-14 17:23:28','189.172.2.97'),
(1351,1,7,3,1,'2017-06-14 17:25:30','189.172.2.97'),
(1352,1,7,3,1,'2017-06-14 17:26:24','189.172.2.97'),
(1353,1,7,3,1,'2017-06-14 17:28:14','189.172.2.97'),
(1354,1,7,3,1,'2017-06-14 17:28:55','189.172.2.97'),
(1355,1,1,1,NULL,'2017-06-14 17:29:09','189.172.2.97'),
(1356,1,7,1,NULL,'2017-06-14 17:29:15','189.172.2.97'),
(1357,1,9,1,NULL,'2017-06-14 17:30:40','189.172.2.97'),
(1358,1,13,1,NULL,'2017-06-14 17:35:51','189.172.2.97'),
(1359,1,9,1,NULL,'2017-06-14 17:36:42','189.172.2.97'),
(1360,1,13,1,NULL,'2017-06-14 17:39:42','189.172.2.97'),
(1361,1,13,3,78,'2017-06-14 17:40:39','189.172.2.97'),
(1362,1,7,1,NULL,'2017-06-14 17:40:50','172.19.0.1'),
(1363,1,7,4,17,'2017-06-14 17:41:00','172.19.0.1'),
(1364,1,7,4,17,'2017-06-14 17:41:24','172.19.0.1'),
(1365,1,7,1,NULL,'2017-06-14 17:41:30','172.19.0.1'),
(1366,1,7,2,18,'2017-06-14 17:41:58','172.19.0.1'),
(1367,1,7,1,NULL,'2017-06-14 17:44:31','172.19.0.1'),
(1368,1,7,4,18,'2017-06-14 17:44:41','172.19.0.1'),
(1369,1,7,1,NULL,'2017-06-14 17:44:51','172.19.0.1'),
(1370,1,7,2,19,'2017-06-14 17:45:17','172.19.0.1'),
(1371,1,7,4,19,'2017-06-14 17:47:59','172.19.0.1'),
(1372,1,7,1,NULL,'2017-06-14 17:48:01','172.19.0.1'),
(1373,1,7,2,20,'2017-06-14 17:48:29','172.19.0.1'),
(1374,1,7,1,NULL,'2017-06-14 17:52:43','172.19.0.1'),
(1375,1,7,4,20,'2017-06-14 17:52:54','172.19.0.1'),
(1376,1,7,1,NULL,'2017-06-14 17:52:55','172.19.0.1'),
(1377,1,7,2,21,'2017-06-14 17:53:29','172.19.0.1'),
(1378,1,7,1,NULL,'2017-06-14 17:54:57','172.19.0.1'),
(1379,1,7,4,21,'2017-06-14 17:55:10','172.19.0.1'),
(1380,1,7,1,NULL,'2017-06-14 17:55:13','172.19.0.1'),
(1381,1,7,2,22,'2017-06-14 17:55:37','172.19.0.1'),
(1382,1,7,1,NULL,'2017-06-14 17:56:11','172.19.0.1'),
(1383,1,7,1,NULL,'2017-06-14 18:08:14','172.19.0.1'),
(1384,1,14,1,NULL,'2017-06-15 16:33:27','187.149.172.88'),
(1385,1,10,1,NULL,'2017-06-16 14:47:47','201.175.158.183'),
(1386,1,10,1,NULL,'2017-06-16 14:48:08','201.175.158.183'),
(1387,1,11,1,NULL,'2017-06-18 01:01:36','187.149.255.147'),
(1388,1,11,1,NULL,'2017-06-18 01:02:58','187.149.255.147'),
(1389,1,14,1,NULL,'2017-06-18 01:04:15','187.149.255.147'),
(1390,1,14,1,NULL,'2017-06-18 01:13:50','187.149.255.147'),
(1391,1,9,1,NULL,'2017-06-18 01:15:40','172.19.0.1'),
(1392,1,14,1,NULL,'2017-06-18 01:15:50','172.19.0.1'),
(1393,1,14,1,NULL,'2017-06-18 01:16:15','172.19.0.1'),
(1394,1,10,1,NULL,'2017-06-26 03:26:09','172.19.0.1'),
(1395,1,10,1,NULL,'2017-06-26 03:46:10','172.19.0.1'),
(1396,1,10,1,NULL,'2017-06-26 03:47:30','172.19.0.1'),
(1397,1,10,1,NULL,'2017-06-26 03:48:51','172.19.0.1'),
(1398,1,10,1,NULL,'2017-06-26 03:58:58','172.19.0.1'),
(1399,1,10,1,NULL,'2017-06-26 03:59:01','172.19.0.1'),
(1400,1,10,1,NULL,'2017-06-26 03:59:12','172.19.0.1'),
(1401,1,10,1,NULL,'2017-06-26 04:01:46','172.19.0.1'),
(1402,1,10,1,NULL,'2017-06-26 04:09:21','172.19.0.1'),
(1403,1,10,1,NULL,'2017-06-26 04:11:20','172.19.0.1'),
(1404,1,10,1,NULL,'2017-06-26 04:17:19','172.19.0.1'),
(1405,1,14,1,NULL,'2017-06-26 04:25:31','187.149.255.147'),
(1406,1,10,1,NULL,'2017-06-26 04:25:42','187.149.255.147'),
(1407,1,9,1,NULL,'2017-06-26 17:20:38','189.172.17.17'),
(1408,1,9,1,NULL,'2017-06-26 19:10:14','201.140.116.253'),
(1409,1,10,1,NULL,'2017-06-27 17:08:06','187.149.164.213'),
(1410,1,9,1,NULL,'2017-06-29 16:44:24','189.174.14.234'),
(1411,1,14,1,NULL,'2017-06-29 16:46:51','189.174.14.234'),
(1412,1,15,1,NULL,'2017-06-29 16:46:59','189.174.14.234'),
(1413,1,12,1,NULL,'2017-06-29 16:47:52','189.174.14.234'),
(1414,1,9,1,NULL,'2017-06-30 19:59:51','187.149.164.213'),
(1415,1,9,1,NULL,'2017-06-30 20:57:48','201.175.157.87'),
(1416,1,9,1,NULL,'2017-06-30 21:10:10','201.175.157.87'),
(1417,1,9,1,NULL,'2017-06-30 23:23:08','187.149.164.213'),
(1418,1,9,1,NULL,'2017-06-30 23:24:02','187.149.164.213'),
(1419,1,9,1,NULL,'2017-07-01 04:52:14','189.173.230.35'),
(1420,1,9,1,NULL,'2017-07-01 05:02:31','189.173.230.35'),
(1421,1,1,1,NULL,'2017-07-02 02:39:44','187.149.164.213');

/*Table structure for table `sistema_usuarios` */

DROP TABLE IF EXISTS `sistema_usuarios`;

CREATE TABLE `sistema_usuarios` (
  `id` int(11) NOT NULL AUTO_INCREMENT,
  `nombre` varchar(100) DEFAULT NULL,
  `usuario` varchar(50) NOT NULL,
  `contrasena` varchar(50) NOT NULL,
  `correo` varchar(50) NOT NULL,
  `estatus` tinyint(1) DEFAULT '1',
  `fecha` timestamp NULL DEFAULT CURRENT_TIMESTAMP,
  `id_perfil` int(11) NOT NULL,
  PRIMARY KEY (`id`),
  KEY `fk_sistema_usuarios_sistema_perfiles1_idx` (`id_perfil`),
  CONSTRAINT `fk_sistema_usuarios_sistema_perfiles1` FOREIGN KEY (`id_perfil`) REFERENCES `sistema_perfiles` (`id`) ON DELETE NO ACTION ON UPDATE NO ACTION
) ENGINE=InnoDB AUTO_INCREMENT=17 DEFAULT CHARSET=utf8;

/*Data for the table `sistema_usuarios` */

insert  into `sistema_usuarios`(`id`,`nombre`,`usuario`,`contrasena`,`correo`,`estatus`,`fecha`,`id_perfil`) values 
(1,'Ernesto Cedanos','ernesto','8f91bdb4de0142710ac1718345b96308','ernes@d.com',1,'2017-03-05 00:14:58',3),
(9,'Sergio','sergio','197efe2c63c2c3ac76912185394a0566','sergio@gmail.com',1,'2017-03-16 05:44:47',3),
(10,'Joel','jrosa','81a2c7950e2df18fa9a10092bbaef6b5','jrosa@gmail.com',2,'2017-03-17 01:01:06',1),
(12,'Recepcionista','recepcionista','63f0cb619bd5cafd7ab8d574bfe081d8','recepcionista1@gmail.com',1,'2017-03-17 05:05:24',2),
(13,'administracion','administracion','b64f1a77b1b317d347f5cb79332c86d2','administracion@hotelplaya.com',1,'2017-04-06 06:51:49',1),
(14,'sistemas','sistemas','102ddaf691e1615d5dacd4c86299bfa4','sistemas@hotelplaya.com.ms',1,'2017-04-24 12:54:41',1),
(15,'Octavio Noris','onoris','57ffd0478a526637bcb3098ef6a94f9c','concierge@hotelplayamazatlan.com',1,'2017-05-11 17:43:47',2),
(16,'Elizabeth Regalado','eregalado','57ffd0478a526637bcb3098ef6a94f9c','eregalado@hotmail.com',1,'2017-06-06 16:20:39',2);

/* Function  structure for function  `get_code` */

/*!50003 DROP FUNCTION IF EXISTS `get_code` */;
DELIMITER $$

/*!50003 CREATE DEFINER=`root`@`%` FUNCTION `get_code`(id INT, reservation DATETIME) RETURNS varchar(14) CHARSET utf8
    READS SQL DATA
    DETERMINISTIC
BEGIN
DECLARE id_code varchar(4);
    declare time_code varchar(10);
    SET id_code = SUBSTR(MD5(id), 1, 4);
	SET time_code = date_format(reservation, '%y%m%d%H%i');
    
RETURN upper(CONCAT(id_code, time_code));
END */$$
DELIMITER ;

/*!40101 SET SQL_MODE=@OLD_SQL_MODE */;
/*!40014 SET FOREIGN_KEY_CHECKS=@OLD_FOREIGN_KEY_CHECKS */;
/*!40014 SET UNIQUE_CHECKS=@OLD_UNIQUE_CHECKS */;
/*!40111 SET SQL_NOTES=@OLD_SQL_NOTES */;
